Workbook

Sheet MODE
B2: SET EVENT CODE | C2: 2026cmptx
B3: SET TEAM # | C3: 263

Sheet Data
A1: team_number | B1: total_epa | C1: auto_epa | D1: teleop_epa | E1: endgame_epa
A2: 28 | B2: 25.99 | C2: 8.15 | D2: 12.62 | E2: 5.22 | F2: 24
A3: 263 | B3: 79.71 | C3: 17.33 | D3: 41.46 | E3: 20.92 | F3: 12
A4: 287 | B4: 121.73 | C4: 23.87 | D4: 76.37 | E4: 21.49 | F4: 3
A5: 329 | B5: 29.47 | C5: 3.42 | D5: 16.99 | E5: 9.06 | F5: 25
A6: 353 | B6: 59.82 | C6: 8.83 | D6: 37.18 | E6: 13.81 | F6: 8
A7: 358 | B7: 67.35 | C7: 15.76 | D7: 34.95 | E7: 16.64 | F7: 17
A8: 496 | B8: 46.7 | C8: 6.82 | D8: 26.35 | E8: 13.53 | F8: 18
A9: 514 | B9: 9.13 | C9: 9.17 | D9: 0.81 | E9: -0.85 | F9: 39
A10: 527 | B10: 24.56 | C10: 9.14 | D10: 10.64 | E10: 4.78 | F10: 28
A11: 533 | B11: 22.41 | C11: 9.65 | D11: 6.08 | E11: 6.68 | F11: 21
A12: 545 | B12: 15.22 | C12: 5.44 | D12: 5.85 | E12: 3.92 | F12: 34
A13: 564 | B13: 22.11 | C13: 6.22 | D13: 9.93 | E13: 5.97 | F13: 38
... A49: 11030 | B49: 46.81 | C49: 7.23 | D49: 28.7 | E49: 10.88 | F49: 27

Sheet RANKS
B2: RANKS | C2: TEAM # | D2: TOTAL EPA | E2: AUTO EPA | F2: TELE EPA | G2: END EPA | H2: SHOOTER TYPE | I2: TRENCH
B3: 1 | C3: {=IFERROR(INDEX(Data!A:A, MATCH($B3, Data!$F:$F, 0)), "")} -> 5736 | D3: {=IFERROR(INDEX(Data!B:B, MATCH($B3, Data!$F:$F, 0)), "")} -> 225.59 | E3: {=IFERROR(INDEX(Data!C:C, MATCH($B3, Data!$F:$F, 0)), "")} -> 63.46 | F3: {=IFERROR(INDEX(Data!D:D, MATCH($B3, Data!$F:$F, 0)), "")} -> 116.46 | G3: {=IFERROR(INDEX(Data!E:E, MATCH($B3, Data!$F:$F, 0)), "")} -> 45.66 | H3: =INDIRECT("'"&C3&"'!M12") -> #REF! | I3: =INDIRECT("'"&C3&"'!j12") -> #REF!
B4: 2 | C4: {=IFERROR(INDEX(Data!A:A, MATCH($B4, Data!$F:$F, 0)), "")} -> 870 | D4: {=IFERROR(INDEX(Data!B:B, MATCH($B4, Data!$F:$F, 0)), "")} -> 174.74 | E4: {=IFERROR(INDEX(Data!C:C, MATCH($B4, Data!$F:$F, 0)), "")} -> 46.69 | F4: {=IFERROR(INDEX(Data!D:D, MATCH($B4, Data!$F:$F, 0)), "")} -> 94.46 | G4: {=IFERROR(INDEX(Data!E:E, MATCH($B4, Data!$F:$F, 0)), "")} -> 33.59 | H4: =INDIRECT("'"&C4&"'!M12") -> #REF! | I4: =INDIRECT("'"&C4&"'!j12") -> #REF!
B5: 3 | C5: {=IFERROR(INDEX(Data!A:A, MATCH($B5, Data!$F:$F, 0)), "")} -> 287 | D5: {=IFERROR(INDEX(Data!B:B, MATCH($B5, Data!$F:$F, 0)), "")} -> 121.73 | E5: {=IFERROR(INDEX(Data!C:C, MATCH($B5, Data!$F:$F, 0)), "")} -> 23.87 | F5: {=IFERROR(INDEX(Data!D:D, MATCH($B5, Data!$F:$F, 0)), "")} -> 76.37 | G5: {=IFERROR(INDEX(Data!E:E, MATCH($B5, Data!$F:$F, 0)), "")} -> 21.49 | H5: =INDIRECT("'"&C5&"'!M12") -> #REF! | I5: =INDIRECT("'"&C5&"'!j12") -> #REF!
B6: 4 | C6: {=IFERROR(INDEX(Data!A:A, MATCH($B6, Data!$F:$F, 0)), "")} -> 1880 | D6: {=IFERROR(INDEX(Data!B:B, MATCH($B6, Data!$F:$F, 0)), "")} -> 74.96 | E6: {=IFERROR(INDEX(Data!C:C, MATCH($B6, Data!$F:$F, 0)), "")} -> 11.69 | F6: {=IFERROR(INDEX(Data!D:D, MATCH($B6, Data!$F:$F, 0)), "")} -> 45.83 | G6: {=IFERROR(INDEX(Data!E:E, MATCH($B6, Data!$F:$F, 0)), "")} -> 17.44 | H6: =INDIRECT("'"&C6&"'!M12") -> #REF! | I6: =INDIRECT("'"&C6&"'!j12") -> #REF!
B7: 5 | C7: {=IFERROR(INDEX(Data!A:A, MATCH($B7, Data!$F:$F, 0)), "")} -> 2638 | D7: {=IFERROR(INDEX(Data!B:B, MATCH($B7, Data!$F:$F, 0)), "")} -> 130.91 | E7: {=IFERROR(INDEX(Data!C:C, MATCH($B7, Data!$F:$F, 0)), "")} -> 28.57 | F7: {=IFERROR(INDEX(Data!D:D, MATCH($B7, Data!$F:$F, 0)), "")} -> 75.29 | G7: {=IFERROR(INDEX(Data!E:E, MATCH($B7, Data!$F:$F, 0)), "")} -> 27.06 | H7: =INDIRECT("'"&C7&"'!M12") -> #REF! | I7: =INDIRECT("'"&C7&"'!j12") -> #REF!
B8: 6 | C8: {=IFERROR(INDEX(Data!A:A, MATCH($B8, Data!$F:$F, 0)), "")} -> 810 | D8: {=IFERROR(INDEX(Data!B:B, MATCH($B8, Data!$F:$F, 0)), "")} -> 74.35 | E8: {=IFERROR(INDEX(Data!C:C, MATCH($B8, Data!$F:$F, 0)), "")} -> 19.87 | F8: {=IFERROR(INDEX(Data!D:D, MATCH($B8, Data!$F:$F, 0)), "")} -> 36.47 | G8: {=IFERROR(INDEX(Data!E:E, MATCH($B8, Data!$F:$F, 0)), "")} -> 18.01 | H8: =INDIRECT("'"&C8&"'!M12") -> #REF! | I8: =INDIRECT("'"&C8&"'!j12") -> #REF!
B9: 7 | C9: {=IFERROR(INDEX(Data!A:A, MATCH($B9, Data!$F:$F, 0)), "")} -> 2872 | D9: {=IFERROR(INDEX(Data!B:B, MATCH($B9, Data!$F:$F, 0)), "")} -> 113.91 | E9: {=IFERROR(INDEX(Data!C:C, MATCH($B9, Data!$F:$F, 0)), "")} -> 19.09 | F9: {=IFERROR(INDEX(Data!D:D, MATCH($B9, Data!$F:$F, 0)), "")} -> 70.65 | G9: {=IFERROR(INDEX(Data!E:E, MATCH($B9, Data!$F:$F, 0)), "")} -> 24.17 | H9: =INDIRECT("'"&C9&"'!M12") -> #REF! | I9: =INDIRECT("'"&C9&"'!j12") -> #REF!
B10: 8 | C10: {=IFERROR(INDEX(Data!A:A, MATCH($B10, Data!$F:$F, 0)), "")} -> 353 | D10: {=IFERROR(INDEX(Data!B:B, MATCH($B10, Data!$F:$F, 0)), "")} -> 59.82 | E10: {=IFERROR(INDEX(Data!C:C, MATCH($B10, Data!$F:$F, 0)), "")} -> 8.83 | F10: {=IFERROR(INDEX(Data!D:D, MATCH($B10, Data!$F:$F, 0)), "")} -> 37.18 | G10: {=IFERROR(INDEX(Data!E:E, MATCH($B10, Data!$F:$F, 0)), "")} -> 13.81 | H10: =INDIRECT("'"&C10&"'!M12") -> #REF! | I10: =INDIRECT("'"&C10&"'!j12") -> #REF!
B11: 9 | C11: {=IFERROR(INDEX(Data!A:A, MATCH($B11, Data!$F:$F, 0)), "")} -> 1554 | D11: {=IFERROR(INDEX(Data!B:B, MATCH($B11, Data!$F:$F, 0)), "")} -> 44.18 | E11: {=IFERROR(INDEX(Data!C:C, MATCH($B11, Data!$F:$F, 0)), "")} -> 11.06 | F11: {=IFERROR(INDEX(Data!D:D, MATCH($B11, Data!$F:$F, 0)), "")} -> 31.23 | G11: {=IFERROR(INDEX(Data!E:E, MATCH($B11, Data!$F:$F, 0)), "")} -> 1.89 | H11: =INDIRECT("'"&C11&"'!M12") -> #REF! | I11: =INDIRECT("'"&C11&"'!j12") -> #REF!
B12: 10 | C12: {=IFERROR(INDEX(Data!A:A, MATCH($B12, Data!$F:$F, 0)), "")} -> 4458 | D12: {=IFERROR(INDEX(Data!B:B, MATCH($B12, Data!$F:$F, 0)), "")} -> 43.67 | E12: {=IFERROR(INDEX(Data!C:C, MATCH($B12, Data!$F:$F, 0)), "")} -> 9.36 | F12: {=IFERROR(INDEX(Data!D:D, MATCH($B12, Data!$F:$F, 0)), "")} -> 19.57 | G12: {=IFERROR(INDEX(Data!E:E, MATCH($B12, Data!$F:$F, 0)), "")} -> 14.73 | H12: =INDIRECT("'"&C12&"'!M12") -> #REF! | I12: =INDIRECT("'"&C12&"'!j12") -> #REF!
B13: 11 | C13: {=IFERROR(INDEX(Data!A:A, MATCH($B13, Data!$F:$F, 0)), "")} -> 1468 | D13: {=IFERROR(INDEX(Data!B:B, MATCH($B13, Data!$F:$F, 0)), "")} -> 43.6 | E13: {=IFERROR(INDEX(Data!C:C, MATCH($B13, Data!$F:$F, 0)), "")} -> 10.57 | F13: {=IFERROR(INDEX(Data!D:D, MATCH($B13, Data!$F:$F, 0)), "")} -> 23.09 | G13: {=IFERROR(INDEX(Data!E:E, MATCH($B13, Data!$F:$F, 0)), "")} -> 9.94 | H13: =INDIRECT("'"&C13&"'!M12") -> #REF! | I13: =INDIRECT("'"&C13&"'!j12") -> #REF!
B14: 12 | C14: {=IFERROR(INDEX(Data!A:A, MATCH($B14, Data!$F:$F, 0)), "")} -> 263 | D14: {=IFERROR(INDEX(Data!B:B, MATCH($B14, Data!$F:$F, 0)), "")} -> 79.71 | E14: {=IFERROR(INDEX(Data!C:C, MATCH($B14, Data!$F:$F, 0)), "")} -> 17.33 | F14: {=IFERROR(INDEX(Data!D:D, MATCH($B14, Data!$F:$F, 0)), "")} -> 41.46 | G14: {=IFERROR(INDEX(Data!E:E, MATCH($B14, Data!$F:$F, 0)), "")} -> 20.92 | H14: =INDIRECT("'"&C14&"'!M12") | I14: =INDIRECT("'"&C14&"'!j12")
... B61: 59 | C61: {=IFERROR(INDEX(Data!A:A, MATCH($B61, Data!$F:$F, 0)), "")} | D61: {=IFERROR(INDEX(Data!B:B, MATCH($B61, Data!$F:$F, 0)), "")} | E61: {=IFERROR(INDEX(Data!C:C, MATCH($B61, Data!$F:$F, 0)), "")} | F61: {=IFERROR(INDEX(Data!D:D, MATCH($B61, Data!$F:$F, 0)), "")} | G61: {=IFERROR(INDEX(Data!E:E, MATCH($B61, Data!$F:$F, 0)), "")} | H61: =INDIRECT("'"&C61&"'!M12") | I61: =INDIRECT("'"&C61&"'!j12")
B62: 60 | C62: {=IFERROR(INDEX(Data!A:A, MATCH($B62, Data!$F:$F, 0)), "")} | D62: {=IFERROR(INDEX(Data!F:F, MATCH($B62, Data!$M:$M, 0)), "")} | E62: {=IFERROR(INDEX(Data!G:G, MATCH($B62, Data!$M:$M, 0)), "")} | F62: {=IFERROR(INDEX(Data!H:H, MATCH($B62, Data!$M:$M, 0)), "")} | G62: {=IFERROR(INDEX(Data!I:I, MATCH($B62, Data!$M:$M, 0)), "")} | H62: =INDIRECT("'"&C62&"'!M12") | I62: =INDIRECT("'"&C62&"'!j12")

Sheet RANK BY EPA
B2: P-RANK | C2: RANKS | D2: TEAM # | E2: TOTAL EPA | F2: AUTO EPA | G2: TELE EPA | H2: END EPA | I2: SHOOTER TYPE | J2: TRENCH
A3: 1 | B3: 1 | C3: {=IFERROR(INDEX(Data!F:F, MATCH($E3, Data!$B:$B, 0)), "")} -> 1 | D3: {=IFERROR(INDEX(Data!A:A, MATCH($E3, Data!$B:$B, 0)), "")} -> 5736 | E3: =LARGE(Data!$B$2:$B1000,A3 ) -> 225.59 | F3: {=IFERROR(INDEX(Data!C:C, MATCH($E3, Data!$B:$B, 0)), "")} -> 63.46 | G3: {=IFERROR(INDEX(Data!D:D, MATCH($E3, Data!$B:$B, 0)), "")} -> 116.46 | H3: {=IFERROR(INDEX(Data!E:E, MATCH($E3, Data!$B:$B, 0)), "")} -> 45.66 | I3: =INDIRECT("'"&D3&"'!M12") -> #REF! | J3: =INDIRECT("'"&D3&"'!j12") -> #REF!
A4: 2 | B4: 2 | C4: {=IFERROR(INDEX(Data!F:F, MATCH($E4, Data!$B:$B, 0)), "")} -> 2 | D4: {=IFERROR(INDEX(Data!A:A, MATCH($E4, Data!$B:$B, 0)), "")} -> 870 | E4: =LARGE(Data!$B$2:$B1000,A4 ) -> 174.74 | F4: {=IFERROR(INDEX(Data!C:C, MATCH($E4, Data!$B:$B, 0)), "")} -> 46.69 | G4: {=IFERROR(INDEX(Data!D:D, MATCH($E4, Data!$B:$B, 0)), "")} -> 94.46 | H4: {=IFERROR(INDEX(Data!E:E, MATCH($E4, Data!$B:$B, 0)), "")} -> 33.59 | I4: =INDIRECT("'"&D4&"'!M12") -> #REF! | J4: =INDIRECT("'"&D4&"'!j12") -> #REF!
A5: 3 | B5: 3 | C5: {=IFERROR(INDEX(Data!F:F, MATCH($E5, Data!$B:$B, 0)), "")} -> 5 | D5: {=IFERROR(INDEX(Data!A:A, MATCH($E5, Data!$B:$B, 0)), "")} -> 2638 | E5: =LARGE(Data!$B$2:$B1000,A5 ) -> 130.91 | F5: {=IFERROR(INDEX(Data!C:C, MATCH($E5, Data!$B:$B, 0)), "")} -> 28.57 | G5: {=IFERROR(INDEX(Data!D:D, MATCH($E5, Data!$B:$B, 0)), "")} -> 75.29 | H5: {=IFERROR(INDEX(Data!E:E, MATCH($E5, Data!$B:$B, 0)), "")} -> 27.06 | I5: =INDIRECT("'"&D5&"'!M12") -> #REF! | J5: =INDIRECT("'"&D5&"'!j12") -> #REF!
A6: 4 | B6: 4 | C6: {=IFERROR(INDEX(Data!F:F, MATCH($E6, Data!$B:$B, 0)), "")} -> 15 | D6: {=IFERROR(INDEX(Data!A:A, MATCH($E6, Data!$B:$B, 0)), "")} -> 8267 | E6: =LARGE(Data!$B$2:$B1000,A6 ) -> 124.23 | F6: {=IFERROR(INDEX(Data!C:C, MATCH($E6, Data!$B:$B, 0)), "")} -> 28.83 | G6: {=IFERROR(INDEX(Data!D:D, MATCH($E6, Data!$B:$B, 0)), "")} -> 67.1 | H6: {=IFERROR(INDEX(Data!E:E, MATCH($E6, Data!$B:$B, 0)), "")} -> 28.3 | I6: =INDIRECT("'"&D6&"'!M12") -> #REF! | J6: =INDIRECT("'"&D6&"'!j12") -> #REF!
A7: 5 | B7: 5 | C7: {=IFERROR(INDEX(Data!F:F, MATCH($E7, Data!$B:$B, 0)), "")} -> 3 | D7: {=IFERROR(INDEX(Data!A:A, MATCH($E7, Data!$B:$B, 0)), "")} -> 287 | E7: =LARGE(Data!$B$2:$B1000,A7 ) -> 121.73 | F7: {=IFERROR(INDEX(Data!C:C, MATCH($E7, Data!$B:$B, 0)), "")} -> 23.87 | G7: {=IFERROR(INDEX(Data!D:D, MATCH($E7, Data!$B:$B, 0)), "")} -> 76.37 | H7: {=IFERROR(INDEX(Data!E:E, MATCH($E7, Data!$B:$B, 0)), "")} -> 21.49 | I7: =INDIRECT("'"&D7&"'!M12") -> #REF! | J7: =INDIRECT("'"&D7&"'!j12") -> #REF!
A8: 6 | B8: 6 | C8: {=IFERROR(INDEX(Data!F:F, MATCH($E8, Data!$B:$B, 0)), "")} -> 7 | D8: {=IFERROR(INDEX(Data!A:A, MATCH($E8, Data!$B:$B, 0)), "")} -> 2872 | E8: =LARGE(Data!$B$2:$B1000,A8 ) -> 113.91 | F8: {=IFERROR(INDEX(Data!C:C, MATCH($E8, Data!$B:$B, 0)), "")} -> 19.09 | G8: {=IFERROR(INDEX(Data!D:D, MATCH($E8, Data!$B:$B, 0)), "")} -> 70.65 | H8: {=IFERROR(INDEX(Data!E:E, MATCH($E8, Data!$B:$B, 0)), "")} -> 24.17 | I8: =INDIRECT("'"&D8&"'!M12") -> #REF! | J8: =INDIRECT("'"&D8&"'!j12") -> #REF!
A9: 7 | B9: 7 | C9: {=IFERROR(INDEX(Data!F:F, MATCH($E9, Data!$B:$B, 0)), "")} -> 12 | D9: {=IFERROR(INDEX(Data!A:A, MATCH($E9, Data!$B:$B, 0)), "")} -> 263 | E9: =LARGE(Data!$B$2:$B1000,A9 ) -> 79.71 | F9: {=IFERROR(INDEX(Data!C:C, MATCH($E9, Data!$B:$B, 0)), "")} -> 17.33 | G9: {=IFERROR(INDEX(Data!D:D, MATCH($E9, Data!$B:$B, 0)), "")} -> 41.46 | H9: {=IFERROR(INDEX(Data!E:E, MATCH($E9, Data!$B:$B, 0)), "")} -> 20.92 | I9: =INDIRECT("'"&D9&"'!M12") | J9: =INDIRECT("'"&D9&"'!j12")
A10: 8 | B10: 8 | C10: {=IFERROR(INDEX(Data!F:F, MATCH($E10, Data!$B:$B, 0)), "")} -> 16 | D10: {=IFERROR(INDEX(Data!A:A, MATCH($E10, Data!$B:$B, 0)), "")} -> 3950 | E10: =LARGE(Data!$B$2:$B1000,A10 ) -> 77.52 | F10: {=IFERROR(INDEX(Data!C:C, MATCH($E10, Data!$B:$B, 0)), "")} -> 21.16 | G10: {=IFERROR(INDEX(Data!D:D, MATCH($E10, Data!$B:$B, 0)), "")} -> 42.31 | H10: {=IFERROR(INDEX(Data!E:E, MATCH($E10, Data!$B:$B, 0)), "")} -> 14.06 | I10: =INDIRECT("'"&D10&"'!M12") -> #REF! | J10: =INDIRECT("'"&D10&"'!j12") -> #REF!
A11: 9 | B11: 9 | C11: {=IFERROR(INDEX(Data!F:F, MATCH($E11, Data!$B:$B, 0)), "")} -> 4 | D11: {=IFERROR(INDEX(Data!A:A, MATCH($E11, Data!$B:$B, 0)), "")} -> 1880 | E11: =LARGE(Data!$B$2:$B1000,A11 ) -> 74.96 | F11: {=IFERROR(INDEX(Data!C:C, MATCH($E11, Data!$B:$B, 0)), "")} -> 11.69 | G11: {=IFERROR(INDEX(Data!D:D, MATCH($E11, Data!$B:$B, 0)), "")} -> 45.83 | H11: {=IFERROR(INDEX(Data!E:E, MATCH($E11, Data!$B:$B, 0)), "")} -> 17.44 | I11: =INDIRECT("'"&D11&"'!M12") -> #REF! | J11: =INDIRECT("'"&D11&"'!j12") -> #REF!
A12: 10 | B12: 10 | C12: {=IFERROR(INDEX(Data!F:F, MATCH($E12, Data!$B:$B, 0)), "")} -> 6 | D12: {=IFERROR(INDEX(Data!A:A, MATCH($E12, Data!$B:$B, 0)), "")} -> 810 | E12: =LARGE(Data!$B$2:$B1000,A12 ) -> 74.35 | F12: {=IFERROR(INDEX(Data!C:C, MATCH($E12, Data!$B:$B, 0)), "")} -> 19.87 | G12: {=IFERROR(INDEX(Data!D:D, MATCH($E12, Data!$B:$B, 0)), "")} -> 36.47 | H12: {=IFERROR(INDEX(Data!E:E, MATCH($E12, Data!$B:$B, 0)), "")} -> 18.01 | I12: =INDIRECT("'"&D12&"'!M12") -> #REF! | J12: =INDIRECT("'"&D12&"'!j12") -> #REF!
A13: 11 | B13: 11 | C13: {=IFERROR(INDEX(Data!F:F, MATCH($E13, Data!$B:$B, 0)), "")} -> 17 | D13: {=IFERROR(INDEX(Data!A:A, MATCH($E13, Data!$B:$B, 0)), "")} -> 358 | E13: =LARGE(Data!$B$2:$B1000,A13 ) -> 67.35 | F13: {=IFERROR(INDEX(Data!C:C, MATCH($E13, Data!$B:$B, 0)), "")} -> 15.76 | G13: {=IFERROR(INDEX(Data!D:D, MATCH($E13, Data!$B:$B, 0)), "")} -> 34.95 | H13: {=IFERROR(INDEX(Data!E:E, MATCH($E13, Data!$B:$B, 0)), "")} -> 16.64 | I13: =INDIRECT("'"&D13&"'!M12") -> #REF! | J13: =INDIRECT("'"&D13&"'!j12") -> #REF!
A14: 12 | B14: 12 | C14: {=IFERROR(INDEX(Data!F:F, MATCH($E14, Data!$B:$B, 0)), "")} -> 8 | D14: {=IFERROR(INDEX(Data!A:A, MATCH($E14, Data!$B:$B, 0)), "")} -> 353 | E14: =LARGE(Data!$B$2:$B1000,A14 ) -> 59.82 | F14: {=IFERROR(INDEX(Data!C:C, MATCH($E14, Data!$B:$B, 0)), "")} -> 8.83 | G14: {=IFERROR(INDEX(Data!D:D, MATCH($E14, Data!$B:$B, 0)), "")} -> 37.18 | H14: {=IFERROR(INDEX(Data!E:E, MATCH($E14, Data!$B:$B, 0)), "")} -> 13.81 | I14: =INDIRECT("'"&D14&"'!M12") -> #REF! | J14: =INDIRECT("'"&D14&"'!j12") -> #REF!
A15: 13 | B15: 13 | C15: {=IFERROR(INDEX(Data!F:F, MATCH($E15, Data!$B:$B, 0)), "")} -> 13 | D15: {=IFERROR(INDEX(Data!A:A, MATCH($E15, Data!$B:$B, 0)), "")} -> 6423 | E15: =LARGE(Data!$B$2:$B1000,A15 ) -> 50.75 | F15: {=IFERROR(INDEX(Data!C:C, MATCH($E15, Data!$B:$B, 0)), "")} -> 5.28 | G15: {=IFERROR(INDEX(Data!D:D, MATCH($E15, Data!$B:$B, 0)), "")} -> 30.25 | H15: {=IFERROR(INDEX(Data!E:E, MATCH($E15, Data!$B:$B, 0)), "")} -> 15.22 | I15: =INDIRECT("'"&D15&"'!M12") -> #REF! | J15: =INDIRECT("'"&D15&"'!j12") -> #REF!
A16: 14 | B16: 14 | C16: {=IFERROR(INDEX(Data!F:F, MATCH($E16, Data!$B:$B, 0)), "")} -> 29 | D16: {=IFERROR(INDEX(Data!A:A, MATCH($E16, Data!$B:$B, 0)), "")} -> 2875 | E16: =LARGE(Data!$B$2:$B1000,A16 ) -> 48.38 | F16: {=IFERROR(INDEX(Data!C:C, MATCH($E16, Data!$B:$B, 0)), "")} -> 11.41 | G16: {=IFERROR(INDEX(Data!D:D, MATCH($E16, Data!$B:$B, 0)), "")} -> 24.35 | H16: {=IFERROR(INDEX(Data!E:E, MATCH($E16, Data!$B:$B, 0)), "")} -> 12.61 | I16: =INDIRECT("'"&D16&"'!M12") -> #REF! | J16: =INDIRECT("'"&D16&"'!j12") -> #REF!
A17: 15 | B17: 15 | C17: {=IFERROR(INDEX(Data!F:F, MATCH($E17, Data!$B:$B, 0)), "")} -> 27 | D17: {=IFERROR(INDEX(Data!A:A, MATCH($E17, Data!$B:$B, 0)), "")} -> 11030 | E17: =LARGE(Data!$B$2:$B1000,A17 ) -> 46.81 | F17: {=IFERROR(INDEX(Data!C:C, MATCH($E17, Data!$B:$B, 0)), "")} -> 7.23 | G17: {=IFERROR(INDEX(Data!D:D, MATCH($E17, Data!$B:$B, 0)), "")} -> 28.7 | H17: {=IFERROR(INDEX(Data!E:E, MATCH($E17, Data!$B:$B, 0)), "")} -> 10.88 | I17: =INDIRECT("'"&D17&"'!M12") -> #REF! | J17: =INDIRECT("'"&D17&"'!j12") -> #REF!
A18: 16 | B18: 16 | C18: {=IFERROR(INDEX(Data!F:F, MATCH($E18, Data!$B:$B, 0)), "")} -> 18 | D18: {=IFERROR(INDEX(Data!A:A, MATCH($E18, Data!$B:$B, 0)), "")} -> 496 | E18: =LARGE(Data!$B$2:$B1000,A18 ) -> 46.7 | F18: {=IFERROR(INDEX(Data!C:C, MATCH($E18, Data!$B:$B, 0)), "")} -> 6.82 | G18: {=IFERROR(INDEX(Data!D:D, MATCH($E18, Data!$B:$B, 0)), "")} -> 26.35 | H18: {=IFERROR(INDEX(Data!E:E, MATCH($E18, Data!$B:$B, 0)), "")} -> 13.53 | I18: =INDIRECT("'"&D18&"'!M12") -> #REF! | J18: =INDIRECT("'"&D18&"'!j12") -> #REF!
A19: 17 | B19: 17 | C19: {=IFERROR(INDEX(Data!F:F, MATCH($E19, Data!$B:$B, 0)), "")} -> 9 | D19: {=IFERROR(INDEX(Data!A:A, MATCH($E19, Data!$B:$B, 0)), "")} -> 1554 | E19: =LARGE(Data!$B$2:$B1000,A19 ) -> 44.18 | F19: {=IFERROR(INDEX(Data!C:C, MATCH($E19, Data!$B:$B, 0)), "")} -> 11.06 | G19: {=IFERROR(INDEX(Data!D:D, MATCH($E19, Data!$B:$B, 0)), "")} -> 31.23 | H19: {=IFERROR(INDEX(Data!E:E, MATCH($E19, Data!$B:$B, 0)), "")} -> 1.89 | I19: =INDIRECT("'"&D19&"'!M12") -> #REF! | J19: =INDIRECT("'"&D19&"'!j12") -> #REF!
A20: 18 | B20: 18 | C20: {=IFERROR(INDEX(Data!F:F, MATCH($E20, Data!$B:$B, 0)), "")} -> 10 | D20: {=IFERROR(INDEX(Data!A:A, MATCH($E20, Data!$B:$B, 0)), "")} -> 4458 | E20: =LARGE(Data!$B$2:$B1000,A20 ) -> 43.67 | F20: {=IFERROR(INDEX(Data!C:C, MATCH($E20, Data!$B:$B, 0)), "")} -> 9.36 | G20: {=IFERROR(INDEX(Data!D:D, MATCH($E20, Data!$B:$B, 0)), "")} -> 19.57 | H20: {=IFERROR(INDEX(Data!E:E, MATCH($E20, Data!$B:$B, 0)), "")} -> 14.73 | I20: =INDIRECT("'"&D20&"'!M12") -> #REF! | J20: =INDIRECT("'"&D20&"'!j12") -> #REF!
A21: 19 | B21: 19 | C21: {=IFERROR(INDEX(Data!F:F, MATCH($E21, Data!$B:$B, 0)), "")} -> 11 | D21: {=IFERROR(INDEX(Data!A:A, MATCH($E21, Data!$B:$B, 0)), "")} -> 1468 | E21: =LARGE(Data!$B$2:$B1000,A21 ) -> 43.6 | F21: {=IFERROR(INDEX(Data!C:C, MATCH($E21, Data!$B:$B, 0)), "")} -> 10.57 | G21: {=IFERROR(INDEX(Data!D:D, MATCH($E21, Data!$B:$B, 0)), "")} -> 23.09 | H21: {=IFERROR(INDEX(Data!E:E, MATCH($E21, Data!$B:$B, 0)), "")} -> 9.94 | I21: =INDIRECT("'"&D21&"'!M12") -> #REF! | J21: =INDIRECT("'"&D21&"'!j12") -> #REF!
A22: 20 | B22: 20 | C22: {=IFERROR(INDEX(Data!F:F, MATCH($E22, Data!$B:$B, 0)), "")} -> 36 | D22: {=IFERROR(INDEX(Data!A:A, MATCH($E22, Data!$B:$B, 0)), "")} -> 2869 | E22: =LARGE(Data!$B$2:$B1000,A22 ) -> 41.7 | F22: {=IFERROR(INDEX(Data!C:C, MATCH($E22, Data!$B:$B, 0)), "")} -> 10.96 | G22: {=IFERROR(INDEX(Data!D:D, MATCH($E22, Data!$B:$B, 0)), "")} -> 25.49 | H22: {=IFERROR(INDEX(Data!E:E, MATCH($E22, Data!$B:$B, 0)), "")} -> 5.24 | I22: =INDIRECT("'"&D22&"'!M12") -> #REF! | J22: =INDIRECT("'"&D22&"'!j12") -> #REF!
A23: 21 | B23: 21 | C23: {=IFERROR(INDEX(Data!F:F, MATCH($E23, Data!$B:$B, 0)), "")} -> 35 | D23: {=IFERROR(INDEX(Data!A:A, MATCH($E23, Data!$B:$B, 0)), "")} -> 9016 | E23: =LARGE(Data!$B$2:$B1000,A23 ) -> 39.71 | F23: {=IFERROR(INDEX(Data!C:C, MATCH($E23, Data!$B:$B, 0)), "")} -> 13.26 | G23: {=IFERROR(INDEX(Data!D:D, MATCH($E23, Data!$B:$B, 0)), "")} -> 15.76 | H23: {=IFERROR(INDEX(Data!E:E, MATCH($E23, Data!$B:$B, 0)), "")} -> 10.7 | I23: =INDIRECT("'"&D23&"'!M12") -> #REF! | J23: =INDIRECT("'"&D23&"'!j12") -> #REF!
A24: 22 | B24: 22 | C24: {=IFERROR(INDEX(Data!F:F, MATCH($E24, Data!$B:$B, 0)), "")} -> 32 | D24: {=IFERROR(INDEX(Data!A:A, MATCH($E24, Data!$B:$B, 0)), "")} -> 871 | E24: =LARGE(Data!$B$2:$B1000,A24 ) -> 38.67 | F24: {=IFERROR(INDEX(Data!C:C, MATCH($E24, Data!$B:$B, 0)), "")} -> 13.07 | G24: {=IFERROR(INDEX(Data!D:D, MATCH($E24, Data!$B:$B, 0)), "")} -> 18.13 | H24: {=IFERROR(INDEX(Data!E:E, MATCH($E24, Data!$B:$B, 0)), "")} -> 7.46 | I24: =INDIRECT("'"&D24&"'!M12") -> #REF! | J24: =INDIRECT("'"&D24&"'!j12") -> #REF!
A25: 23 | B25: 23 | C25: {=IFERROR(INDEX(Data!F:F, MATCH($E25, Data!$B:$B, 0)), "")} -> 22 | D25: {=IFERROR(INDEX(Data!A:A, MATCH($E25, Data!$B:$B, 0)), "")} -> 9646 | E25: =LARGE(Data!$B$2:$B1000,A25 ) -> 38.43 | F25: {=IFERROR(INDEX(Data!C:C, MATCH($E25, Data!$B:$B, 0)), "")} -> 7.46 | G25: {=IFERROR(INDEX(Data!D:D, MATCH($E25, Data!$B:$B, 0)), "")} -> 23 | H25: {=IFERROR(INDEX(Data!E:E, MATCH($E25, Data!$B:$B, 0)), "")} -> 7.98 | I25: =INDIRECT("'"&D25&"'!M12") -> #REF! | J25: =INDIRECT("'"&D25&"'!j12") -> #REF!
A26: 24 | B26: 24 | C26: {=IFERROR(INDEX(Data!F:F, MATCH($E26, Data!$B:$B, 0)), "")} -> 46 | D26: {=IFERROR(INDEX(Data!A:A, MATCH($E26, Data!$B:$B, 0)), "")} -> 5016 | E26: =LARGE(Data!$B$2:$B1000,A26 ) -> 37.67 | F26: {=IFERROR(INDEX(Data!C:C, MATCH($E26, Data!$B:$B, 0)), "")} -> 5.71 | G26: {=IFERROR(INDEX(Data!D:D, MATCH($E26, Data!$B:$B, 0)), "")} -> 20.44 | H26: {=IFERROR(INDEX(Data!E:E, MATCH($E26, Data!$B:$B, 0)), "")} -> 11.52 | I26: =INDIRECT("'"&D26&"'!M12") -> #REF! | J26: =INDIRECT("'"&D26&"'!j12") -> #REF!
A27: 25 | B27: 25 | C27: {=IFERROR(INDEX(Data!F:F, MATCH($E27, Data!$B:$B, 0)), "")} -> 31 | D27: {=IFERROR(INDEX(Data!A:A, MATCH($E27, Data!$B:$B, 0)), "")} -> 6806 | E27: =LARGE(Data!$B$2:$B1000,A27 ) -> 36.75 | F27: {=IFERROR(INDEX(Data!C:C, MATCH($E27, Data!$B:$B, 0)), "")} -> 6.63 | G27: {=IFERROR(INDEX(Data!D:D, MATCH($E27, Data!$B:$B, 0)), "")} -> 21.63 | H27: {=IFERROR(INDEX(Data!E:E, MATCH($E27, Data!$B:$B, 0)), "")} -> 8.5 | I27: =INDIRECT("'"&D27&"'!M12") -> #REF! | J27: =INDIRECT("'"&D27&"'!j12") -> #REF!
A28: 26 | B28: 26 | C28: {=IFERROR(INDEX(Data!F:F, MATCH($E28, Data!$B:$B, 0)), "")} -> 14 | D28: {=IFERROR(INDEX(Data!A:A, MATCH($E28, Data!$B:$B, 0)), "")} -> 1546 | E28: =LARGE(Data!$B$2:$B1000,A28 ) -> 33.62 | F28: {=IFERROR(INDEX(Data!C:C, MATCH($E28, Data!$B:$B, 0)), "")} -> 9.41 | G28: {=IFERROR(INDEX(Data!D:D, MATCH($E28, Data!$B:$B, 0)), "")} -> 17.42 | H28: {=IFERROR(INDEX(Data!E:E, MATCH($E28, Data!$B:$B, 0)), "")} -> 6.78 | I28: =INDIRECT("'"&D28&"'!M12") -> #REF! | J28: =INDIRECT("'"&D28&"'!j12") -> #REF!
A29: 27 | B29: 27 | C29: {=IFERROR(INDEX(Data!F:F, MATCH($E29, Data!$B:$B, 0)), "")} -> 25 | D29: {=IFERROR(INDEX(Data!A:A, MATCH($E29, Data!$B:$B, 0)), "")} -> 329 | E29: =LARGE(Data!$B$2:$B1000,A29 ) -> 29.47 | F29: {=IFERROR(INDEX(Data!C:C, MATCH($E29, Data!$B:$B, 0)), "")} -> 3.42 | G29: {=IFERROR(INDEX(Data!D:D, MATCH($E29, Data!$B:$B, 0)), "")} -> 16.99 | H29: {=IFERROR(INDEX(Data!E:E, MATCH($E29, Data!$B:$B, 0)), "")} -> 9.06 | I29: =INDIRECT("'"&D29&"'!M12") -> #REF! | J29: =INDIRECT("'"&D29&"'!j12") -> #REF!
A30: 28 | B30: 28 | C30: {=IFERROR(INDEX(Data!F:F, MATCH($E30, Data!$B:$B, 0)), "")} -> 19 | D30: {=IFERROR(INDEX(Data!A:A, MATCH($E30, Data!$B:$B, 0)), "")} -> 1803 | E30: =LARGE(Data!$B$2:$B1000,A30 ) -> 27.5 | F30: {=IFERROR(INDEX(Data!C:C, MATCH($E30, Data!$B:$B, 0)), "")} -> 7.49 | G30: {=IFERROR(INDEX(Data!D:D, MATCH($E30, Data!$B:$B, 0)), "")} -> 14.61 | H30: {=IFERROR(INDEX(Data!E:E, MATCH($E30, Data!$B:$B, 0)), "")} -> 5.39 | I30: =INDIRECT("'"&D30&"'!M12") -> #REF! | J30: =INDIRECT("'"&D30&"'!j12") -> #REF!
A31: 29 | B31: 29 | C31: {=IFERROR(INDEX(Data!F:F, MATCH($E31, Data!$B:$B, 0)), "")} -> 24 | D31: {=IFERROR(INDEX(Data!A:A, MATCH($E31, Data!$B:$B, 0)), "")} -> 28 | E31: =LARGE(Data!$B$2:$B1000,A31 ) -> 25.99 | F31: {=IFERROR(INDEX(Data!C:C, MATCH($E31, Data!$B:$B, 0)), "")} -> 8.15 | G31: {=IFERROR(INDEX(Data!D:D, MATCH($E31, Data!$B:$B, 0)), "")} -> 12.62 | H31: {=IFERROR(INDEX(Data!E:E, MATCH($E31, Data!$B:$B, 0)), "")} -> 5.22 | I31: =INDIRECT("'"&D31&"'!M12") -> #REF! | J31: =INDIRECT("'"&D31&"'!j12") -> #REF!
A32: 30 | B32: 30 | C32: {=IFERROR(INDEX(Data!F:F, MATCH($E32, Data!$B:$B, 0)), "")} -> 44 | D32: {=IFERROR(INDEX(Data!A:A, MATCH($E32, Data!$B:$B, 0)), "")} -> 3624 | E32: =LARGE(Data!$B$2:$B1000,A32 ) -> 24.96 | F32: {=IFERROR(INDEX(Data!C:C, MATCH($E32, Data!$B:$B, 0)), "")} -> 6.29 | G32: {=IFERROR(INDEX(Data!D:D, MATCH($E32, Data!$B:$B, 0)), "")} -> 15.46 | H32: {=IFERROR(INDEX(Data!E:E, MATCH($E32, Data!$B:$B, 0)), "")} -> 3.21 | I32: =INDIRECT("'"&D32&"'!M12") -> #REF! | J32: =INDIRECT("'"&D32&"'!j12") -> #REF!
A33: 31 | B33: 31 | C33: {=IFERROR(INDEX(Data!F:F, MATCH($E33, Data!$B:$B, 0)), "")} -> 28 | D33: {=IFERROR(INDEX(Data!A:A, MATCH($E33, Data!$B:$B, 0)), "")} -> 527 | E33: =LARGE(Data!$B$2:$B1000,A33 ) -> 24.56 | F33: {=IFERROR(INDEX(Data!C:C, MATCH($E33, Data!$B:$B, 0)), "")} -> 9.14 | G33: {=IFERROR(INDEX(Data!D:D, MATCH($E33, Data!$B:$B, 0)), "")} -> 10.64 | H33: {=IFERROR(INDEX(Data!E:E, MATCH($E33, Data!$B:$B, 0)), "")} -> 4.78 | I33: =INDIRECT("'"&D33&"'!M12") -> #REF! | J33: =INDIRECT("'"&D33&"'!j12") -> #REF!
A34: 32 | B34: 32 | C34: {=IFERROR(INDEX(Data!F:F, MATCH($E34, Data!$B:$B, 0)), "")} -> 42 | D34: {=IFERROR(INDEX(Data!A:A, MATCH($E34, Data!$B:$B, 0)), "")} -> 3137 | E34: =LARGE(Data!$B$2:$B1000,A34 ) -> 23.54 | F34: {=IFERROR(INDEX(Data!C:C, MATCH($E34, Data!$B:$B, 0)), "")} -> 9.55 | G34: {=IFERROR(INDEX(Data!D:D, MATCH($E34, Data!$B:$B, 0)), "")} -> 6.95 | H34: {=IFERROR(INDEX(Data!E:E, MATCH($E34, Data!$B:$B, 0)), "")} -> 7.05 | I34: =INDIRECT("'"&D34&"'!M12") -> #REF! | J34: =INDIRECT("'"&D34&"'!j12") -> #REF!
A35: 33 | B35: 33 | C35: {=IFERROR(INDEX(Data!F:F, MATCH($E35, Data!$B:$B, 0)), "")} -> 48 | D35: {=IFERROR(INDEX(Data!A:A, MATCH($E35, Data!$B:$B, 0)), "")} -> 3171 | E35: =LARGE(Data!$B$2:$B1000,A35 ) -> 23.49 | F35: {=IFERROR(INDEX(Data!C:C, MATCH($E35, Data!$B:$B, 0)), "")} -> 5.7 | G35: {=IFERROR(INDEX(Data!D:D, MATCH($E35, Data!$B:$B, 0)), "")} -> 6.86 | H35: {=IFERROR(INDEX(Data!E:E, MATCH($E35, Data!$B:$B, 0)), "")} -> 10.92 | I35: =INDIRECT("'"&D35&"'!M12") -> #REF! | J35: =INDIRECT("'"&D35&"'!j12") -> #REF!
A36: 34 | B36: 34 | C36: {=IFERROR(INDEX(Data!F:F, MATCH($E36, Data!$B:$B, 0)), "")} -> 23 | D36: {=IFERROR(INDEX(Data!A:A, MATCH($E36, Data!$B:$B, 0)), "")} -> 2161 | E36: =LARGE(Data!$B$2:$B1000,A36 ) -> 22.68 | F36: {=IFERROR(INDEX(Data!C:C, MATCH($E36, Data!$B:$B, 0)), "")} -> 7.51 | G36: {=IFERROR(INDEX(Data!D:D, MATCH($E36, Data!$B:$B, 0)), "")} -> 11.49 | H36: {=IFERROR(INDEX(Data!E:E, MATCH($E36, Data!$B:$B, 0)), "")} -> 3.68 | I36: =INDIRECT("'"&D36&"'!M12") -> #REF! | J36: =INDIRECT("'"&D36&"'!j12") -> #REF!
A37: 35 | B37: 35 | C37: {=IFERROR(INDEX(Data!F:F, MATCH($E37, Data!$B:$B, 0)), "")} -> 21 | D37: {=IFERROR(INDEX(Data!A:A, MATCH($E37, Data!$B:$B, 0)), "")} -> 533 | E37: =LARGE(Data!$B$2:$B1000,A37 ) -> 22.41 | F37: {=IFERROR(INDEX(Data!C:C, MATCH($E37, Data!$B:$B, 0)), "")} -> 9.65 | G37: {=IFERROR(INDEX(Data!D:D, MATCH($E37, Data!$B:$B, 0)), "")} -> 6.08 | H37: {=IFERROR(INDEX(Data!E:E, MATCH($E37, Data!$B:$B, 0)), "")} -> 6.68 | I37: =INDIRECT("'"&D37&"'!M12") -> #REF! | J37: =INDIRECT("'"&D37&"'!j12") -> #REF!
A38: 36 | B38: 36 | C38: {=IFERROR(INDEX(Data!F:F, MATCH($E38, Data!$B:$B, 0)), "")} -> 38 | D38: {=IFERROR(INDEX(Data!A:A, MATCH($E38, Data!$B:$B, 0)), "")} -> 564 | E38: =LARGE(Data!$B$2:$B1000,A38 ) -> 22.11 | F38: {=IFERROR(INDEX(Data!C:C, MATCH($E38, Data!$B:$B, 0)), "")} -> 6.22 | G38: {=IFERROR(INDEX(Data!D:D, MATCH($E38, Data!$B:$B, 0)), "")} -> 9.93 | H38: {=IFERROR(INDEX(Data!E:E, MATCH($E38, Data!$B:$B, 0)), "")} -> 5.97 | I38: =INDIRECT("'"&D38&"'!M12") -> #REF! | J38: =INDIRECT("'"&D38&"'!j12") -> #REF!
A39: 37 | B39: 37 | C39: {=IFERROR(INDEX(Data!F:F, MATCH($E39, Data!$B:$B, 0)), "")} -> 41 | D39: {=IFERROR(INDEX(Data!A:A, MATCH($E39, Data!$B:$B, 0)), "")} -> 2027 | E39: =LARGE(Data!$B$2:$B1000,A39 ) -> 20.95 | F39: {=IFERROR(INDEX(Data!C:C, MATCH($E39, Data!$B:$B, 0)), "")} -> 7.32 | G39: {=IFERROR(INDEX(Data!D:D, MATCH($E39, Data!$B:$B, 0)), "")} -> 9.36 | H39: {=IFERROR(INDEX(Data!E:E, MATCH($E39, Data!$B:$B, 0)), "")} -> 4.27 | I39: =INDIRECT("'"&D39&"'!M12") -> #REF! | J39: =INDIRECT("'"&D39&"'!j12") -> #REF!
A40: 38 | B40: 38 | C40: {=IFERROR(INDEX(Data!F:F, MATCH($E40, Data!$B:$B, 0)), "")} -> 20 | D40: {=IFERROR(INDEX(Data!A:A, MATCH($E40, Data!$B:$B, 0)), "")} -> 2347 | E40: =LARGE(Data!$B$2:$B1000,A40 ) -> 20.29 | F40: {=IFERROR(INDEX(Data!C:C, MATCH($E40, Data!$B:$B, 0)), "")} -> 6.65 | G40: {=IFERROR(INDEX(Data!D:D, MATCH($E40, Data!$B:$B, 0)), "")} -> 10.59 | H40: {=IFERROR(INDEX(Data!E:E, MATCH($E40, Data!$B:$B, 0)), "")} -> 3.05 | I40: =INDIRECT("'"&D40&"'!M12") -> #REF! | J40: =INDIRECT("'"&D40&"'!j12") -> #REF!
A41: 39 | B41: 39 | C41: {=IFERROR(INDEX(Data!F:F, MATCH($E41, Data!$B:$B, 0)), "")} -> 33 | D41: {=IFERROR(INDEX(Data!A:A, MATCH($E41, Data!$B:$B, 0)), "")} -> 7673 | E41: =LARGE(Data!$B$2:$B1000,A41 ) -> 18.33 | F41: {=IFERROR(INDEX(Data!C:C, MATCH($E41, Data!$B:$B, 0)), "")} -> 4.38 | G41: {=IFERROR(INDEX(Data!D:D, MATCH($E41, Data!$B:$B, 0)), "")} -> 6.59 | H41: {=IFERROR(INDEX(Data!E:E, MATCH($E41, Data!$B:$B, 0)), "")} -> 7.36 | I41: =INDIRECT("'"&D41&"'!M12") -> #REF! | J41: =INDIRECT("'"&D41&"'!j12") -> #REF!
A42: 40 | B42: 40 | C42: {=IFERROR(INDEX(Data!F:F, MATCH($E42, Data!$B:$B, 0)), "")} -> 26 | D42: {=IFERROR(INDEX(Data!A:A, MATCH($E42, Data!$B:$B, 0)), "")} -> 10621 | E42: =LARGE(Data!$B$2:$B1000,A42 ) -> 17.39 | F42: {=IFERROR(INDEX(Data!C:C, MATCH($E42, Data!$B:$B, 0)), "")} -> 5.48 | G42: {=IFERROR(INDEX(Data!D:D, MATCH($E42, Data!$B:$B, 0)), "")} -> 3.76 | H42: {=IFERROR(INDEX(Data!E:E, MATCH($E42, Data!$B:$B, 0)), "")} -> 8.15 | I42: =INDIRECT("'"&D42&"'!M12") -> #REF! | J42: =INDIRECT("'"&D42&"'!j12") -> #REF!
A43: 41 | B43: 41 | C43: {=IFERROR(INDEX(Data!F:F, MATCH($E43, Data!$B:$B, 0)), "")} -> 37 | D43: {=IFERROR(INDEX(Data!A:A, MATCH($E43, Data!$B:$B, 0)), "")} -> 884 | E43: =LARGE(Data!$B$2:$B1000,A43 ) -> 15.99 | F43: {=IFERROR(INDEX(Data!C:C, MATCH($E43, Data!$B:$B, 0)), "")} -> 2.93 | G43: {=IFERROR(INDEX(Data!D:D, MATCH($E43, Data!$B:$B, 0)), "")} -> 4.72 | H43: {=IFERROR(INDEX(Data!E:E, MATCH($E43, Data!$B:$B, 0)), "")} -> 8.34 | I43: =INDIRECT("'"&D43&"'!M12") -> #REF! | J43: =INDIRECT("'"&D43&"'!j12") -> #REF!
A44: 42 | B44: 42 | C44: {=IFERROR(INDEX(Data!F:F, MATCH($E44, Data!$B:$B, 0)), "")} -> 34 | D44: {=IFERROR(INDEX(Data!A:A, MATCH($E44, Data!$B:$B, 0)), "")} -> 545 | E44: =LARGE(Data!$B$2:$B1000,A44 ) -> 15.22 | F44: {=IFERROR(INDEX(Data!C:C, MATCH($E44, Data!$B:$B, 0)), "")} -> 5.44 | G44: {=IFERROR(INDEX(Data!D:D, MATCH($E44, Data!$B:$B, 0)), "")} -> 5.85 | H44: {=IFERROR(INDEX(Data!E:E, MATCH($E44, Data!$B:$B, 0)), "")} -> 3.92 | I44: =INDIRECT("'"&D44&"'!M12") -> #REF! | J44: =INDIRECT("'"&D44&"'!j12") -> #REF!
A45: 43 | B45: 43 | C45: {=IFERROR(INDEX(Data!F:F, MATCH($E45, Data!$B:$B, 0)), "")} -> 43 | D45: {=IFERROR(INDEX(Data!A:A, MATCH($E45, Data!$B:$B, 0)), "")} -> 4567 | E45: =LARGE(Data!$B$2:$B1000,A45 ) -> 11.72 | F45: {=IFERROR(INDEX(Data!C:C, MATCH($E45, Data!$B:$B, 0)), "")} -> 4.35 | G45: {=IFERROR(INDEX(Data!D:D, MATCH($E45, Data!$B:$B, 0)), "")} -> 5.12 | H45: {=IFERROR(INDEX(Data!E:E, MATCH($E45, Data!$B:$B, 0)), "")} -> 2.25 | I45: =INDIRECT("'"&D45&"'!M12") -> #REF! | J45: =INDIRECT("'"&D45&"'!j12") -> #REF!
A46: 44 | B46: 44 | C46: {=IFERROR(INDEX(Data!F:F, MATCH($E46, Data!$B:$B, 0)), "")} -> 45 | D46: {=IFERROR(INDEX(Data!A:A, MATCH($E46, Data!$B:$B, 0)), "")} -> 2487 | E46: =LARGE(Data!$B$2:$B1000,A46 ) -> 11.38 | F46: {=IFERROR(INDEX(Data!C:C, MATCH($E46, Data!$B:$B, 0)), "")} -> 1.99 | G46: {=IFERROR(INDEX(Data!D:D, MATCH($E46, Data!$B:$B, 0)), "")} -> 4.77 | H46: {=IFERROR(INDEX(Data!E:E, MATCH($E46, Data!$B:$B, 0)), "")} -> 4.62 | I46: =INDIRECT("'"&D46&"'!M12") -> #REF! | J46: =INDIRECT("'"&D46&"'!j12") -> #REF!
A47: 45 | B47: 45 | C47: {=IFERROR(INDEX(Data!F:F, MATCH($E47, Data!$B:$B, 0)), "")} -> 30 | D47: {=IFERROR(INDEX(Data!A:A, MATCH($E47, Data!$B:$B, 0)), "")} -> 569 | E47: =LARGE(Data!$B$2:$B1000,A47 ) -> 9.39 | F47: {=IFERROR(INDEX(Data!C:C, MATCH($E47, Data!$B:$B, 0)), "")} -> 8.55 | G47: {=IFERROR(INDEX(Data!D:D, MATCH($E47, Data!$B:$B, 0)), "")} -> 0.85 | H47: {=IFERROR(INDEX(Data!E:E, MATCH($E47, Data!$B:$B, 0)), "")} -> -0.01 | I47: =INDIRECT("'"&D47&"'!M12") -> #REF! | J47: =INDIRECT("'"&D47&"'!j12") -> #REF!
A48: 46 | B48: 46 | C48: {=IFERROR(INDEX(Data!F:F, MATCH($E48, Data!$B:$B, 0)), "")} -> 39 | D48: {=IFERROR(INDEX(Data!A:A, MATCH($E48, Data!$B:$B, 0)), "")} -> 514 | E48: =LARGE(Data!$B$2:$B1000,A48 ) -> 9.13 | F48: {=IFERROR(INDEX(Data!C:C, MATCH($E48, Data!$B:$B, 0)), "")} -> 9.17 | G48: {=IFERROR(INDEX(Data!D:D, MATCH($E48, Data!$B:$B, 0)), "")} -> 0.81 | H48: {=IFERROR(INDEX(Data!E:E, MATCH($E48, Data!$B:$B, 0)), "")} -> -0.85 | I48: =INDIRECT("'"&D48&"'!M12") -> #REF! | J48: =INDIRECT("'"&D48&"'!j12") -> #REF!
A49: 47 | B49: 47 | C49: {=IFERROR(INDEX(Data!F:F, MATCH($E49, Data!$B:$B, 0)), "")} -> 40 | D49: {=IFERROR(INDEX(Data!A:A, MATCH($E49, Data!$B:$B, 0)), "")} -> 806 | E49: =LARGE(Data!$B$2:$B1000,A49 ) -> 8.61 | F49: {=IFERROR(INDEX(Data!C:C, MATCH($E49, Data!$B:$B, 0)), "")} -> 4.13 | G49: {=IFERROR(INDEX(Data!D:D, MATCH($E49, Data!$B:$B, 0)), "")} -> 3.71 | H49: {=IFERROR(INDEX(Data!E:E, MATCH($E49, Data!$B:$B, 0)), "")} -> 0.77 | I49: =INDIRECT("'"&D49&"'!M12") -> #REF! | J49: =INDIRECT("'"&D49&"'!j12") -> #REF!
A50: 48 | B50: 48 | C50: {=IFERROR(INDEX(Data!F:F, MATCH($E50, Data!$B:$B, 0)), "")} -> 47 | D50: {=IFERROR(INDEX(Data!A:A, MATCH($E50, Data!$B:$B, 0)), "")} -> 601 | E50: =LARGE(Data!$B$2:$B1000,A50 ) -> 5.46 | F50: {=IFERROR(INDEX(Data!C:C, MATCH($E50, Data!$B:$B, 0)), "")} -> 2.65 | G50: {=IFERROR(INDEX(Data!D:D, MATCH($E50, Data!$B:$B, 0)), "")} -> -0.19 | H50: {=IFERROR(INDEX(Data!E:E, MATCH($E50, Data!$B:$B, 0)), "")} -> 3 | I50: =INDIRECT("'"&D50&"'!M12") -> #REF! | J50: =INDIRECT("'"&D50&"'!j12") -> #REF!
A51: 49 | B51: 49 | C51: {=IFERROR(INDEX(Data!F:F, MATCH($E51, Data!$B:$B, 0)), "")} | D51: {=IFERROR(INDEX(Data!A:A, MATCH($E51, Data!$B:$B, 0)), "")} | E51: =LARGE(Data!$B$2:$B1000,A51 ) -> #NUM! | F51: {=IFERROR(INDEX(Data!C:C, MATCH($E51, Data!$B:$B, 0)), "")} | G51: {=IFERROR(INDEX(Data!D:D, MATCH($E51, Data!$B:$B, 0)), "")} | H51: {=IFERROR(INDEX(Data!E:E, MATCH($E51, Data!$B:$B, 0)), "")} | I51: =INDIRECT("'"&D51&"'!M12") | J51: =INDIRECT("'"&D51&"'!j12") -> #REF!
A52: 50 | B52: 50 | C52: {=IFERROR(INDEX(Data!F:F, MATCH($E52, Data!$B:$B, 0)), "")} | D52: {=IFERROR(INDEX(Data!A:A, MATCH($E52, Data!$B:$B, 0)), "")} | E52: =LARGE(Data!$B$2:$B1000,A52 ) -> #NUM! | F52: {=IFERROR(INDEX(Data!C:C, MATCH($E52, Data!$B:$B, 0)), "")} | G52: {=IFERROR(INDEX(Data!D:D, MATCH($E52, Data!$B:$B, 0)), "")} | H52: {=IFERROR(INDEX(Data!E:E, MATCH($E52, Data!$B:$B, 0)), "")} | I52: =INDIRECT("'"&D52&"'!M12") | J52: =INDIRECT("'"&D52&"'!j12") -> #REF!
A53: 51 | B53: 51 | C53: {=IFERROR(INDEX(Data!F:F, MATCH($E53, Data!$B:$B, 0)), "")} | D53: {=IFERROR(INDEX(Data!A:A, MATCH($E53, Data!$B:$B, 0)), "")} | E53: =LARGE(Data!$B$2:$B1000,A53 ) -> #NUM! | F53: {=IFERROR(INDEX(Data!C:C, MATCH($E53, Data!$B:$B, 0)), "")} | G53: {=IFERROR(INDEX(Data!D:D, MATCH($E53, Data!$B:$B, 0)), "")} | H53: {=IFERROR(INDEX(Data!E:E, MATCH($E53, Data!$B:$B, 0)), "")} | I53: =INDIRECT("'"&D53&"'!M12") | J53: =INDIRECT("'"&D53&"'!j12") -> #REF!
A54: 52 | B54: 52 | C54: {=IFERROR(INDEX(Data!F:F, MATCH($E54, Data!$B:$B, 0)), "")} | D54: {=IFERROR(INDEX(Data!A:A, MATCH($E54, Data!$B:$B, 0)), "")} | E54: =LARGE(Data!$B$2:$B1000,A54 ) -> #NUM! | F54: {=IFERROR(INDEX(Data!C:C, MATCH($E54, Data!$B:$B, 0)), "")} | G54: {=IFERROR(INDEX(Data!D:D, MATCH($E54, Data!$B:$B, 0)), "")} | H54: {=IFERROR(INDEX(Data!E:E, MATCH($E54, Data!$B:$B, 0)), "")} | I54: =INDIRECT("'"&D54&"'!M12") | J54: =INDIRECT("'"&D54&"'!j12") -> #REF!
A55: 53 | B55: 53 | C55: {=IFERROR(INDEX(Data!F:F, MATCH($E55, Data!$B:$B, 0)), "")} | D55: {=IFERROR(INDEX(Data!A:A, MATCH($E55, Data!$B:$B, 0)), "")} | E55: =LARGE(Data!$B$2:$B1000,A55 ) -> #NUM! | F55: {=IFERROR(INDEX(Data!C:C, MATCH($E55, Data!$B:$B, 0)), "")} | G55: {=IFERROR(INDEX(Data!D:D, MATCH($E55, Data!$B:$B, 0)), "")} | H55: {=IFERROR(INDEX(Data!E:E, MATCH($E55, Data!$B:$B, 0)), "")} | I55: =INDIRECT("'"&D55&"'!M12") | J55: =INDIRECT("'"&D55&"'!j12") -> #REF!
A56: 54 | B56: 54 | C56: {=IFERROR(INDEX(Data!F:F, MATCH($E56, Data!$B:$B, 0)), "")} | D56: {=IFERROR(INDEX(Data!A:A, MATCH($E56, Data!$B:$B, 0)), "")} | E56: =LARGE(Data!$B$2:$B1000,A56 ) -> #NUM! | F56: {=IFERROR(INDEX(Data!C:C, MATCH($E56, Data!$B:$B, 0)), "")} | G56: {=IFERROR(INDEX(Data!D:D, MATCH($E56, Data!$B:$B, 0)), "")} | H56: {=IFERROR(INDEX(Data!E:E, MATCH($E56, Data!$B:$B, 0)), "")} | I56: =INDIRECT("'"&D56&"'!M12") | J56: =INDIRECT("'"&D56&"'!j12") -> #REF!
A57: 55 | B57: 55 | C57: {=IFERROR(INDEX(Data!F:F, MATCH($E57, Data!$B:$B, 0)), "")} | D57: {=IFERROR(INDEX(Data!A:A, MATCH($E57, Data!$B:$B, 0)), "")} | E57: =LARGE(Data!$B$2:$B1000,A57 ) -> #NUM! | F57: {=IFERROR(INDEX(Data!C:C, MATCH($E57, Data!$B:$B, 0)), "")} | G57: {=IFERROR(INDEX(Data!D:D, MATCH($E57, Data!$B:$B, 0)), "")} | H57: {=IFERROR(INDEX(Data!E:E, MATCH($E57, Data!$B:$B, 0)), "")} | I57: =INDIRECT("'"&D57&"'!M12") | J57: =INDIRECT("'"&D57&"'!j12") -> #REF!
A58: 56 | B58: 56 | C58: {=IFERROR(INDEX(Data!F:F, MATCH($E58, Data!$B:$B, 0)), "")} | D58: {=IFERROR(INDEX(Data!A:A, MATCH($E58, Data!$B:$B, 0)), "")} | E58: =LARGE(Data!$B$2:$B1000,A58 ) -> #NUM! | F58: {=IFERROR(INDEX(Data!C:C, MATCH($E58, Data!$B:$B, 0)), "")} | G58: {=IFERROR(INDEX(Data!D:D, MATCH($E58, Data!$B:$B, 0)), "")} | H58: {=IFERROR(INDEX(Data!E:E, MATCH($E58, Data!$B:$B, 0)), "")} | I58: =INDIRECT("'"&D58&"'!M12") | J58: =INDIRECT("'"&D58&"'!j12") -> #REF!
A59: 57 | B59: 57 | C59: {=IFERROR(INDEX(Data!F:F, MATCH($E59, Data!$B:$B, 0)), "")} | D59: {=IFERROR(INDEX(Data!A:A, MATCH($E59, Data!$B:$B, 0)), "")} | E59: =LARGE(Data!$B$2:$B1000,A59 ) -> #NUM! | F59: {=IFERROR(INDEX(Data!C:C, MATCH($E59, Data!$B:$B, 0)), "")} | G59: {=IFERROR(INDEX(Data!D:D, MATCH($E59, Data!$B:$B, 0)), "")} | H59: {=IFERROR(INDEX(Data!E:E, MATCH($E59, Data!$B:$B, 0)), "")} | I59: =INDIRECT("'"&D59&"'!M12") | J59: =INDIRECT("'"&D59&"'!j12") -> #REF!
A60: 58 | B60: 58 | C60: {=IFERROR(INDEX(Data!F:F, MATCH($E60, Data!$B:$B, 0)), "")} | D60: {=IFERROR(INDEX(Data!A:A, MATCH($E60, Data!$B:$B, 0)), "")} | E60: =LARGE(Data!$B$2:$B1000,A60 ) -> #NUM! | F60: {=IFERROR(INDEX(Data!C:C, MATCH($E60, Data!$B:$B, 0)), "")} | G60: {=IFERROR(INDEX(Data!D:D, MATCH($E60, Data!$B:$B, 0)), "")} | H60: {=IFERROR(INDEX(Data!E:E, MATCH($E60, Data!$B:$B, 0)), "")} | I60: =INDIRECT("'"&D60&"'!M12") | J60: =INDIRECT("'"&D60&"'!j12") -> #REF!
A61: 59 | B61: 59 | C61: {=IFERROR(INDEX(Data!F:F, MATCH($E61, Data!$B:$B, 0)), "")} | D61: {=IFERROR(INDEX(Data!A:A, MATCH($E61, Data!$B:$B, 0)), "")} | E61: =LARGE(Data!$B$2:$B1000,A61 ) -> #NUM! | F61: {=IFERROR(INDEX(Data!C:C, MATCH($E61, Data!$B:$B, 0)), "")} | G61: {=IFERROR(INDEX(Data!D:D, MATCH($E61, Data!$B:$B, 0)), "")} | H61: {=IFERROR(INDEX(Data!E:E, MATCH($E61, Data!$B:$B, 0)), "")} | I61: =INDIRECT("'"&D61&"'!M12") | J61: =INDIRECT("'"&D61&"'!j12") -> #REF!
A62: 60 | B62: 60 | C62: {=IFERROR(INDEX(Data!F:F, MATCH($E62, Data!$B:$B, 0)), "")} | D62: {=IFERROR(INDEX(Data!A:A, MATCH($E62, Data!$B:$B, 0)), "")} | E62: =LARGE(Data!$B$2:$B1000,A62 ) -> #NUM! | F62: {=IFERROR(INDEX(Data!C:C, MATCH($E62, Data!$B:$B, 0)), "")} | G62: {=IFERROR(INDEX(Data!D:D, MATCH($E62, Data!$B:$B, 0)), "")} | H62: {=IFERROR(INDEX(Data!E:E, MATCH($E62, Data!$B:$B, 0)), "")} | I62: =INDIRECT("'"&D62&"'!M12") | J62: =INDIRECT("'"&D62&"'!j12") -> #REF!
A63: 61 | B63: 61 | C63: {=IFERROR(INDEX(Data!F:F, MATCH($E63, Data!$B:$B, 0)), "")} | D63: {=IFERROR(INDEX(Data!A:A, MATCH($E63, Data!$B:$B, 0)), "")} | E63: =LARGE(Data!$B$2:$B1000,A63 ) -> #NUM! | F63: {=IFERROR(INDEX(Data!C:C, MATCH($E63, Data!$B:$B, 0)), "")} | G63: {=IFERROR(INDEX(Data!D:D, MATCH($E63, Data!$B:$B, 0)), "")} | H63: {=IFERROR(INDEX(Data!E:E, MATCH($E63, Data!$B:$B, 0)), "")} | I63: =INDIRECT("'"&D63&"'!M12") | J63: =INDIRECT("'"&D63&"'!j12") -> #REF!
A64: 62 | B64: 62 | C64: {=IFERROR(INDEX(Data!F:F, MATCH($E64, Data!$B:$B, 0)), "")} | D64: {=IFERROR(INDEX(Data!A:A, MATCH($E64, Data!$B:$B, 0)), "")} | E64: =LARGE(Data!$B$2:$B1000,A64 ) -> #NUM! | F64: {=IFERROR(INDEX(Data!C:C, MATCH($E64, Data!$B:$B, 0)), "")} | G64: {=IFERROR(INDEX(Data!D:D, MATCH($E64, Data!$B:$B, 0)), "")} | H64: {=IFERROR(INDEX(Data!E:E, MATCH($E64, Data!$B:$B, 0)), "")} | I64: =INDIRECT("'"&D64&"'!M12") | J64: =INDIRECT("'"&D64&"'!j12") -> #REF!
A65: 63 | B65: 63 | C65: {=IFERROR(INDEX(Data!F:F, MATCH($E65, Data!$B:$B, 0)), "")} | D65: {=IFERROR(INDEX(Data!A:A, MATCH($E65, Data!$B:$B, 0)), "")} | E65: =LARGE(Data!$B$2:$B1000,A65 ) -> #NUM! | F65: {=IFERROR(INDEX(Data!C:C, MATCH($E65, Data!$B:$B, 0)), "")} | G65: {=IFERROR(INDEX(Data!D:D, MATCH($E65, Data!$B:$B, 0)), "")} | H65: {=IFERROR(INDEX(Data!E:E, MATCH($E65, Data!$B:$B, 0)), "")} | I65: =INDIRECT("'"&D65&"'!M12") | J65: =INDIRECT("'"&D65&"'!j12") -> #REF!
A66: 64 | B66: 64 | C66: {=IFERROR(INDEX(Data!F:F, MATCH($E66, Data!$B:$B, 0)), "")} | D66: {=IFERROR(INDEX(Data!A:A, MATCH($E66, Data!$B:$B, 0)), "")} | E66: =LARGE(Data!$B$2:$B1000,A66 ) -> #NUM! | F66: {=IFERROR(INDEX(Data!C:C, MATCH($E66, Data!$B:$B, 0)), "")} | G66: {=IFERROR(INDEX(Data!D:D, MATCH($E66, Data!$B:$B, 0)), "")} | H66: {=IFERROR(INDEX(Data!E:E, MATCH($E66, Data!$B:$B, 0)), "")} | I66: =INDIRECT("'"&D66&"'!M12") | J66: =INDIRECT("'"&D66&"'!j12") -> #REF!
A67: 65 | B67: 65 | C67: {=IFERROR(INDEX(Data!F:F, MATCH($E67, Data!$B:$B, 0)), "")} | D67: {=IFERROR(INDEX(Data!A:A, MATCH($E67, Data!$B:$B, 0)), "")} | E67: =LARGE(Data!$B$2:$B1000,A67 ) -> #NUM! | F67: {=IFERROR(INDEX(Data!C:C, MATCH($E67, Data!$B:$B, 0)), "")} | G67: {=IFERROR(INDEX(Data!D:D, MATCH($E67, Data!$B:$B, 0)), "")} | H67: {=IFERROR(INDEX(Data!E:E, MATCH($E67, Data!$B:$B, 0)), "")} | I67: =INDIRECT("'"&D67&"'!M12") | J67: =INDIRECT("'"&D67&"'!j12") -> #REF!
A68: 66 | B68: 66 | C68: {=IFERROR(INDEX(Data!F:F, MATCH($E68, Data!$B:$B, 0)), "")} | D68: {=IFERROR(INDEX(Data!A:A, MATCH($E68, Data!$B:$B, 0)), "")} | E68: =LARGE(Data!$B$2:$B1000,A68 ) -> #NUM! | F68: {=IFERROR(INDEX(Data!C:C, MATCH($E68, Data!$B:$B, 0)), "")} | G68: {=IFERROR(INDEX(Data!D:D, MATCH($E68, Data!$B:$B, 0)), "")} | H68: {=IFERROR(INDEX(Data!E:E, MATCH($E68, Data!$B:$B, 0)), "")} | I68: =INDIRECT("'"&D68&"'!M12") | J68: =INDIRECT("'"&D68&"'!j12") -> #REF!
A69: 67 | B69: 67 | C69: {=IFERROR(INDEX(Data!F:F, MATCH($E69, Data!$B:$B, 0)), "")} | D69: {=IFERROR(INDEX(Data!A:A, MATCH($E69, Data!$B:$B, 0)), "")} | E69: =LARGE(Data!$B$2:$B1000,A69 ) -> #NUM! | F69: {=IFERROR(INDEX(Data!C:C, MATCH($E69, Data!$B:$B, 0)), "")} | G69: {=IFERROR(INDEX(Data!D:D, MATCH($E69, Data!$B:$B, 0)), "")} | H69: {=IFERROR(INDEX(Data!E:E, MATCH($E69, Data!$B:$B, 0)), "")} | I69: =INDIRECT("'"&D69&"'!M12") | J69: =INDIRECT("'"&D69&"'!j12") -> #REF!
A70: 68 | B70: 68 | C70: {=IFERROR(INDEX(Data!F:F, MATCH($E70, Data!$B:$B, 0)), "")} | D70: {=IFERROR(INDEX(Data!A:A, MATCH($E70, Data!$B:$B, 0)), "")} | E70: =LARGE(Data!$B$2:$B1000,A70 ) -> #NUM! | F70: {=IFERROR(INDEX(Data!C:C, MATCH($E70, Data!$B:$B, 0)), "")} | G70: {=IFERROR(INDEX(Data!D:D, MATCH($E70, Data!$B:$B, 0)), "")} | H70: {=IFERROR(INDEX(Data!E:E, MATCH($E70, Data!$B:$B, 0)), "")} | I70: =INDIRECT("'"&D70&"'!M12") | J70: =INDIRECT("'"&D70&"'!j12") -> #REF!
A71: 69 | B71: 69 | C71: {=IFERROR(INDEX(Data!F:F, MATCH($E71, Data!$B:$B, 0)), "")} | D71: {=IFERROR(INDEX(Data!A:A, MATCH($E71, Data!$B:$B, 0)), "")} | E71: =LARGE(Data!$B$2:$B1000,A71 ) -> #NUM! | F71: {=IFERROR(INDEX(Data!C:C, MATCH($E71, Data!$B:$B, 0)), "")} | G71: {=IFERROR(INDEX(Data!D:D, MATCH($E71, Data!$B:$B, 0)), "")} | H71: {=IFERROR(INDEX(Data!E:E, MATCH($E71, Data!$B:$B, 0)), "")} | I71: =INDIRECT("'"&D71&"'!M12") | J71: =INDIRECT("'"&D71&"'!j12") -> #REF!
A72: 70 | B72: 70 | C72: {=IFERROR(INDEX(Data!F:F, MATCH($E72, Data!$B:$B, 0)), "")} | D72: {=IFERROR(INDEX(Data!A:A, MATCH($E72, Data!$B:$B, 0)), "")} | E72: =LARGE(Data!$B$2:$B1000,A72 ) -> #NUM! | F72: {=IFERROR(INDEX(Data!C:C, MATCH($E72, Data!$B:$B, 0)), "")} | G72: {=IFERROR(INDEX(Data!D:D, MATCH($E72, Data!$B:$B, 0)), "")} | H72: {=IFERROR(INDEX(Data!E:E, MATCH($E72, Data!$B:$B, 0)), "")} | I72: =INDIRECT("'"&D72&"'!M12") | J72: =INDIRECT("'"&D72&"'!j12") -> #REF!
A73: 71 | B73: 71 | C73: {=IFERROR(INDEX(Data!F:F, MATCH($E73, Data!$B:$B, 0)), "")} | D73: {=IFERROR(INDEX(Data!A:A, MATCH($E73, Data!$B:$B, 0)), "")} | E73: =LARGE(Data!$B$2:$B1000,A73 ) -> #NUM! | F73: {=IFERROR(INDEX(Data!C:C, MATCH($E73, Data!$B:$B, 0)), "")} | G73: {=IFERROR(INDEX(Data!D:D, MATCH($E73, Data!$B:$B, 0)), "")} | H73: {=IFERROR(INDEX(Data!E:E, MATCH($E73, Data!$B:$B, 0)), "")} | I73: =INDIRECT("'"&D73&"'!M12") | J73: =INDIRECT("'"&D73&"'!j12") -> #REF!
A74: 72 | B74: 72 | C74: {=IFERROR(INDEX(Data!F:F, MATCH($E74, Data!$B:$B, 0)), "")} | D74: {=IFERROR(INDEX(Data!A:A, MATCH($E74, Data!$B:$B, 0)), "")} | E74: =LARGE(Data!$B$2:$B1000,A74 ) -> #NUM! | F74: {=IFERROR(INDEX(Data!C:C, MATCH($E74, Data!$B:$B, 0)), "")} | G74: {=IFERROR(INDEX(Data!D:D, MATCH($E74, Data!$B:$B, 0)), "")} | H74: {=IFERROR(INDEX(Data!E:E, MATCH($E74, Data!$B:$B, 0)), "")} | I74: =INDIRECT("'"&D74&"'!M12") | J74: =INDIRECT("'"&D74&"'!j12") -> #REF!
A75: 73 | B75: 73 | C75: {=IFERROR(INDEX(Data!F:F, MATCH($E75, Data!$B:$B, 0)), "")} | D75: {=IFERROR(INDEX(Data!A:A, MATCH($E75, Data!$B:$B, 0)), "")} | E75: =LARGE(Data!$B$2:$B1000,A75 ) -> #NUM! | F75: {=IFERROR(INDEX(Data!C:C, MATCH($E75, Data!$B:$B, 0)), "")} | G75: {=IFERROR(INDEX(Data!D:D, MATCH($E75, Data!$B:$B, 0)), "")} | H75: {=IFERROR(INDEX(Data!E:E, MATCH($E75, Data!$B:$B, 0)), "")} | I75: =INDIRECT("'"&D75&"'!M12") | J75: =INDIRECT("'"&D75&"'!j12") -> #REF!
A76: 74 | B76: 74 | C76: {=IFERROR(INDEX(Data!F:F, MATCH($E76, Data!$B:$B, 0)), "")} | D76: {=IFERROR(INDEX(Data!A:A, MATCH($E76, Data!$B:$B, 0)), "")} | E76: =LARGE(Data!$B$2:$B1000,A76 ) -> #NUM! | F76: {=IFERROR(INDEX(Data!C:C, MATCH($E76, Data!$B:$B, 0)), "")} | G76: {=IFERROR(INDEX(Data!D:D, MATCH($E76, Data!$B:$B, 0)), "")} | H76: {=IFERROR(INDEX(Data!E:E, MATCH($E76, Data!$B:$B, 0)), "")} | I76: =INDIRECT("'"&D76&"'!M12") | J76: =INDIRECT("'"&D76&"'!j12") -> #REF!
A77: 75 | B77: 75 | C77: {=IFERROR(INDEX(Data!F:F, MATCH($E77, Data!$B:$B, 0)), "")} | D77: {=IFERROR(INDEX(Data!A:A, MATCH($E77, Data!$B:$B, 0)), "")} | E77: =LARGE(Data!$B$2:$B1000,A77 ) -> #NUM! | F77: {=IFERROR(INDEX(Data!C:C, MATCH($E77, Data!$B:$B, 0)), "")} | G77: {=IFERROR(INDEX(Data!D:D, MATCH($E77, Data!$B:$B, 0)), "")} | H77: {=IFERROR(INDEX(Data!E:E, MATCH($E77, Data!$B:$B, 0)), "")} | I77: =INDIRECT("'"&D77&"'!M12") | J77: =INDIRECT("'"&D77&"'!j12") -> #REF!
A78: 76 | B78: 76 | C78: {=IFERROR(INDEX(Data!F:F, MATCH($E78, Data!$B:$B, 0)), "")} | D78: {=IFERROR(INDEX(Data!A:A, MATCH($E78, Data!$B:$B, 0)), "")} | E78: =LARGE(Data!$B$2:$B1000,A78 ) -> #NUM! | F78: {=IFERROR(INDEX(Data!C:C, MATCH($E78, Data!$B:$B, 0)), "")} | G78: {=IFERROR(INDEX(Data!D:D, MATCH($E78, Data!$B:$B, 0)), "")} | H78: {=IFERROR(INDEX(Data!E:E, MATCH($E78, Data!$B:$B, 0)), "")} | I78: =INDIRECT("'"&D78&"'!M12") | J78: =INDIRECT("'"&D78&"'!j12") -> #REF!
A79: 77 | B79: 77 | C79: {=IFERROR(INDEX(Data!F:F, MATCH($E79, Data!$B:$B, 0)), "")} | D79: {=IFERROR(INDEX(Data!A:A, MATCH($E79, Data!$B:$B, 0)), "")} | E79: =LARGE(Data!$B$2:$B1000,A79 ) -> #NUM! | F79: {=IFERROR(INDEX(Data!C:C, MATCH($E79, Data!$B:$B, 0)), "")} | G79: {=IFERROR(INDEX(Data!D:D, MATCH($E79, Data!$B:$B, 0)), "")} | H79: {=IFERROR(INDEX(Data!E:E, MATCH($E79, Data!$B:$B, 0)), "")} | I79: =INDIRECT("'"&D79&"'!M12") | J79: =INDIRECT("'"&D79&"'!j12") -> #REF!
A80: 78 | B80: 78 | C80: {=IFERROR(INDEX(Data!F:F, MATCH($E80, Data!$B:$B, 0)), "")} | D80: {=IFERROR(INDEX(Data!A:A, MATCH($E80, Data!$B:$B, 0)), "")} | E80: =LARGE(Data!$B$2:$B1000,A80 ) -> #NUM! | F80: {=IFERROR(INDEX(Data!C:C, MATCH($E80, Data!$B:$B, 0)), "")} | G80: {=IFERROR(INDEX(Data!D:D, MATCH($E80, Data!$B:$B, 0)), "")} | H80: {=IFERROR(INDEX(Data!E:E, MATCH($E80, Data!$B:$B, 0)), "")} | I80: =INDIRECT("'"&D80&"'!M12") | J80: =INDIRECT("'"&D80&"'!j12") -> #REF!
A81: 79 | B81: 79 | C81: {=IFERROR(INDEX(Data!F:F, MATCH($E81, Data!$B:$B, 0)), "")} | D81: {=IFERROR(INDEX(Data!A:A, MATCH($E81, Data!$B:$B, 0)), "")} | E81: =LARGE(Data!$B$2:$B1000,A81 ) -> #NUM! | F81: {=IFERROR(INDEX(Data!C:C, MATCH($E81, Data!$B:$B, 0)), "")} | G81: {=IFERROR(INDEX(Data!D:D, MATCH($E81, Data!$B:$B, 0)), "")} | H81: {=IFERROR(INDEX(Data!E:E, MATCH($E81, Data!$B:$B, 0)), "")} | I81: =INDIRECT("'"&D81&"'!M12") | J81: =INDIRECT("'"&D81&"'!j12") -> #REF!
A82: 80 | B82: 80 | C82: {=IFERROR(INDEX(Data!F:F, MATCH($E82, Data!$B:$B, 0)), "")} | D82: {=IFERROR(INDEX(Data!A:A, MATCH($E82, Data!$B:$B, 0)), "")} | E82: =LARGE(Data!$B$2:$B1000,A82 ) -> #NUM! | F82: {=IFERROR(INDEX(Data!C:C, MATCH($E82, Data!$B:$B, 0)), "")} | G82: {=IFERROR(INDEX(Data!D:D, MATCH($E82, Data!$B:$B, 0)), "")} | H82: {=IFERROR(INDEX(Data!E:E, MATCH($E82, Data!$B:$B, 0)), "")} | I82: =INDIRECT("'"&D82&"'!M12") | J82: =INDIRECT("'"&D82&"'!j12") -> #REF!
A83: 81 | B83: 81 | C83: {=IFERROR(INDEX(Data!F:F, MATCH($E83, Data!$B:$B, 0)), "")} | D83: {=IFERROR(INDEX(Data!A:A, MATCH($E83, Data!$B:$B, 0)), "")} | E83: =LARGE(Data!$B$2:$B1000,A83 ) -> #NUM! | F83: {=IFERROR(INDEX(Data!C:C, MATCH($E83, Data!$B:$B, 0)), "")} | G83: {=IFERROR(INDEX(Data!D:D, MATCH($E83, Data!$B:$B, 0)), "")} | H83: {=IFERROR(INDEX(Data!E:E, MATCH($E83, Data!$B:$B, 0)), "")} | I83: =INDIRECT("'"&D83&"'!M12") | J83: =INDIRECT("'"&D83&"'!j12") -> #REF!
A84: 82 | B84: 82 | C84: {=IFERROR(INDEX(Data!F:F, MATCH($E84, Data!$B:$B, 0)), "")} | D84: {=IFERROR(INDEX(Data!A:A, MATCH($E84, Data!$B:$B, 0)), "")} | E84: =LARGE(Data!$B$2:$B1000,A84 ) -> #NUM! | F84: {=IFERROR(INDEX(Data!C:C, MATCH($E84, Data!$B:$B, 0)), "")} | G84: {=IFERROR(INDEX(Data!D:D, MATCH($E84, Data!$B:$B, 0)), "")} | H84: {=IFERROR(INDEX(Data!E:E, MATCH($E84, Data!$B:$B, 0)), "")} | I84: =INDIRECT("'"&D84&"'!M12") | J84: =INDIRECT("'"&D84&"'!j12") -> #REF!
A85: 83 | B85: 83 | C85: {=IFERROR(INDEX(Data!F:F, MATCH($E85, Data!$B:$B, 0)), "")} | D85: {=IFERROR(INDEX(Data!A:A, MATCH($E85, Data!$B:$B, 0)), "")} | E85: =LARGE(Data!$B$2:$B1000,A85 ) -> #NUM! | F85: {=IFERROR(INDEX(Data!C:C, MATCH($E85, Data!$B:$B, 0)), "")} | G85: {=IFERROR(INDEX(Data!D:D, MATCH($E85, Data!$B:$B, 0)), "")} | H85: {=IFERROR(INDEX(Data!E:E, MATCH($E85, Data!$B:$B, 0)), "")} | I85: =INDIRECT("'"&D85&"'!M12") | J85: =INDIRECT("'"&D85&"'!j12") -> #REF!
A86: 84 | B86: 84 | C86: {=IFERROR(INDEX(Data!F:F, MATCH($E86, Data!$B:$B, 0)), "")} | D86: {=IFERROR(INDEX(Data!A:A, MATCH($E86, Data!$B:$B, 0)), "")} | E86: =LARGE(Data!$B$2:$B1000,A86 ) -> #NUM! | F86: {=IFERROR(INDEX(Data!C:C, MATCH($E86, Data!$B:$B, 0)), "")} | G86: {=IFERROR(INDEX(Data!D:D, MATCH($E86, Data!$B:$B, 0)), "")} | H86: {=IFERROR(INDEX(Data!E:E, MATCH($E86, Data!$B:$B, 0)), "")} | I86: =INDIRECT("'"&D86&"'!M12") | J86: =INDIRECT("'"&D86&"'!j12") -> #REF!
A87: 85 | B87: 85 | C87: {=IFERROR(INDEX(Data!F:F, MATCH($E87, Data!$B:$B, 0)), "")} | D87: {=IFERROR(INDEX(Data!A:A, MATCH($E87, Data!$B:$B, 0)), "")} | E87: =LARGE(Data!$B$2:$B1000,A87 ) -> #NUM! | F87: {=IFERROR(INDEX(Data!C:C, MATCH($E87, Data!$B:$B, 0)), "")} | G87: {=IFERROR(INDEX(Data!D:D, MATCH($E87, Data!$B:$B, 0)), "")} | H87: {=IFERROR(INDEX(Data!E:E, MATCH($E87, Data!$B:$B, 0)), "")} | I87: =INDIRECT("'"&D87&"'!M12") | J87: =INDIRECT("'"&D87&"'!j12") -> #REF!
A88: 86 | B88: 86 | C88: {=IFERROR(INDEX(Data!F:F, MATCH($E88, Data!$B:$B, 0)), "")} | D88: {=IFERROR(INDEX(Data!A:A, MATCH($E88, Data!$B:$B, 0)), "")} | E88: =LARGE(Data!$B$2:$B1000,A88 ) -> #NUM! | F88: {=IFERROR(INDEX(Data!C:C, MATCH($E88, Data!$B:$B, 0)), "")} | G88: {=IFERROR(INDEX(Data!D:D, MATCH($E88, Data!$B:$B, 0)), "")} | H88: {=IFERROR(INDEX(Data!E:E, MATCH($E88, Data!$B:$B, 0)), "")} | I88: =INDIRECT("'"&D88&"'!M12") | J88: =INDIRECT("'"&D88&"'!j12") -> #REF!
A89: 87 | B89: 87 | C89: {=IFERROR(INDEX(Data!F:F, MATCH($E89, Data!$B:$B, 0)), "")} | D89: {=IFERROR(INDEX(Data!A:A, MATCH($E89, Data!$B:$B, 0)), "")} | E89: =LARGE(Data!$B$2:$B1000,A89 ) -> #NUM! | F89: {=IFERROR(INDEX(Data!C:C, MATCH($E89, Data!$B:$B, 0)), "")} | G89: {=IFERROR(INDEX(Data!D:D, MATCH($E89, Data!$B:$B, 0)), "")} | H89: {=IFERROR(INDEX(Data!E:E, MATCH($E89, Data!$B:$B, 0)), "")} | I89: =INDIRECT("'"&D89&"'!M12") | J89: =INDIRECT("'"&D89&"'!j12") -> #REF!
A90: 88 | B90: 88 | C90: {=IFERROR(INDEX(Data!F:F, MATCH($E90, Data!$B:$B, 0)), "")} | D90: {=IFERROR(INDEX(Data!A:A, MATCH($E90, Data!$B:$B, 0)), "")} | E90: =LARGE(Data!$B$2:$B1000,A90 ) -> #NUM! | F90: {=IFERROR(INDEX(Data!C:C, MATCH($E90, Data!$B:$B, 0)), "")} | G90: {=IFERROR(INDEX(Data!D:D, MATCH($E90, Data!$B:$B, 0)), "")} | H90: {=IFERROR(INDEX(Data!E:E, MATCH($E90, Data!$B:$B, 0)), "")} | I90: =INDIRECT("'"&D90&"'!M12") | J90: =INDIRECT("'"&D90&"'!j12") -> #REF!
A91: 89 | B91: 89 | C91: {=IFERROR(INDEX(Data!F:F, MATCH($E91, Data!$B:$B, 0)), "")} | D91: {=IFERROR(INDEX(Data!A:A, MATCH($E91, Data!$B:$B, 0)), "")} | E91: =LARGE(Data!$B$2:$B1000,A91 ) -> #NUM! | F91: {=IFERROR(INDEX(Data!C:C, MATCH($E91, Data!$B:$B, 0)), "")} | G91: {=IFERROR(INDEX(Data!D:D, MATCH($E91, Data!$B:$B, 0)), "")} | H91: {=IFERROR(INDEX(Data!E:E, MATCH($E91, Data!$B:$B, 0)), "")} | I91: =INDIRECT("'"&D91&"'!M12") | J91: =INDIRECT("'"&D91&"'!j12") -> #REF!
A92: 90 | B92: 90 | C92: {=IFERROR(INDEX(Data!F:F, MATCH($E92, Data!$B:$B, 0)), "")} | D92: {=IFERROR(INDEX(Data!A:A, MATCH($E92, Data!$B:$B, 0)), "")} | E92: =LARGE(Data!$B$2:$B1000,A92 ) -> #NUM! | F92: {=IFERROR(INDEX(Data!C:C, MATCH($E92, Data!$B:$B, 0)), "")} | G92: {=IFERROR(INDEX(Data!D:D, MATCH($E92, Data!$B:$B, 0)), "")} | H92: {=IFERROR(INDEX(Data!E:E, MATCH($E92, Data!$B:$B, 0)), "")} | I92: =INDIRECT("'"&D92&"'!M12") | J92: =INDIRECT("'"&D92&"'!j12") -> #REF!
A93: 91 | B93: 91 | C93: {=IFERROR(INDEX(Data!F:F, MATCH($E93, Data!$B:$B, 0)), "")} | D93: {=IFERROR(INDEX(Data!A:A, MATCH($E93, Data!$B:$B, 0)), "")} | E93: =LARGE(Data!$B$2:$B1000,A93 ) -> #NUM! | F93: {=IFERROR(INDEX(Data!C:C, MATCH($E93, Data!$B:$B, 0)), "")} | G93: {=IFERROR(INDEX(Data!D:D, MATCH($E93, Data!$B:$B, 0)), "")} | H93: {=IFERROR(INDEX(Data!E:E, MATCH($E93, Data!$B:$B, 0)), "")} | I93: =INDIRECT("'"&D93&"'!M12") | J93: =INDIRECT("'"&D93&"'!j12") -> #REF!
A94: 92 | B94: 92 | C94: {=IFERROR(INDEX(Data!F:F, MATCH($E94, Data!$B:$B, 0)), "")} | D94: {=IFERROR(INDEX(Data!A:A, MATCH($E94, Data!$B:$B, 0)), "")} | E94: =LARGE(Data!$B$2:$B1000,A94 ) -> #NUM! | F94: {=IFERROR(INDEX(Data!C:C, MATCH($E94, Data!$B:$B, 0)), "")} | G94: {=IFERROR(INDEX(Data!D:D, MATCH($E94, Data!$B:$B, 0)), "")} | H94: {=IFERROR(INDEX(Data!E:E, MATCH($E94, Data!$B:$B, 0)), "")} | I94: =INDIRECT("'"&D94&"'!M12") | J94: =INDIRECT("'"&D94&"'!j12") -> #REF!
A95: 93 | B95: 93 | C95: {=IFERROR(INDEX(Data!F:F, MATCH($E95, Data!$B:$B, 0)), "")} | D95: {=IFERROR(INDEX(Data!A:A, MATCH($E95, Data!$B:$B, 0)), "")} | E95: =LARGE(Data!$B$2:$B1000,A95 ) -> #NUM! | F95: {=IFERROR(INDEX(Data!C:C, MATCH($E95, Data!$B:$B, 0)), "")} | G95: {=IFERROR(INDEX(Data!D:D, MATCH($E95, Data!$B:$B, 0)), "")} | H95: {=IFERROR(INDEX(Data!E:E, MATCH($E95, Data!$B:$B, 0)), "")} | I95: =INDIRECT("'"&D95&"'!M12") | J95: =INDIRECT("'"&D95&"'!j12") -> #REF!
A96: 94 | B96: 94 | C96: {=IFERROR(INDEX(Data!F:F, MATCH($E96, Data!$B:$B, 0)), "")} | D96: {=IFERROR(INDEX(Data!A:A, MATCH($E96, Data!$B:$B, 0)), "")} | E96: =LARGE(Data!$B$2:$B1000,A96 ) -> #NUM! | F96: {=IFERROR(INDEX(Data!C:C, MATCH($E96, Data!$B:$B, 0)), "")} | G96: {=IFERROR(INDEX(Data!D:D, MATCH($E96, Data!$B:$B, 0)), "")} | H96: {=IFERROR(INDEX(Data!E:E, MATCH($E96, Data!$B:$B, 0)), "")} | I96: =INDIRECT("'"&D96&"'!M12") | J96: =INDIRECT("'"&D96&"'!j12") -> #REF!
A97: 95 | B97: 95 | C97: {=IFERROR(INDEX(Data!F:F, MATCH($E97, Data!$B:$B, 0)), "")} | D97: {=IFERROR(INDEX(Data!A:A, MATCH($E97, Data!$B:$B, 0)), "")} | E97: =LARGE(Data!$B$2:$B1000,A97 ) -> #NUM! | F97: {=IFERROR(INDEX(Data!C:C, MATCH($E97, Data!$B:$B, 0)), "")} | G97: {=IFERROR(INDEX(Data!D:D, MATCH($E97, Data!$B:$B, 0)), "")} | H97: {=IFERROR(INDEX(Data!E:E, MATCH($E97, Data!$B:$B, 0)), "")} | I97: =INDIRECT("'"&D97&"'!M12") | J97: =INDIRECT("'"&D97&"'!j12") -> #REF!
A98: 96 | B98: 96 | C98: {=IFERROR(INDEX(Data!F:F, MATCH($E98, Data!$B:$B, 0)), "")} | D98: {=IFERROR(INDEX(Data!A:A, MATCH($E98, Data!$B:$B, 0)), "")} | E98: =LARGE(Data!$B$2:$B1000,A98 ) -> #NUM! | F98: {=IFERROR(INDEX(Data!C:C, MATCH($E98, Data!$B:$B, 0)), "")} | G98: {=IFERROR(INDEX(Data!D:D, MATCH($E98, Data!$B:$B, 0)), "")} | H98: {=IFERROR(INDEX(Data!E:E, MATCH($E98, Data!$B:$B, 0)), "")} | I98: =INDIRECT("'"&D98&"'!M12") | J98: =INDIRECT("'"&D98&"'!j12") -> #REF!
A99: 97 | B99: 97 | C99: {=IFERROR(INDEX(Data!F:F, MATCH($E99, Data!$B:$B, 0)), "")} | D99: {=IFERROR(INDEX(Data!A:A, MATCH($E99, Data!$B:$B, 0)), "")} | E99: =LARGE(Data!$B$2:$B1000,A99 ) -> #NUM! | F99: {=IFERROR(INDEX(Data!C:C, MATCH($E99, Data!$B:$B, 0)), "")} | G99: {=IFERROR(INDEX(Data!D:D, MATCH($E99, Data!$B:$B, 0)), "")} | H99: {=IFERROR(INDEX(Data!E:E, MATCH($E99, Data!$B:$B, 0)), "")} | I99: =INDIRECT("'"&D99&"'!M12") | J99: =INDIRECT("'"&D99&"'!j12") -> #REF!
A100: 98 | B100: 98 | C100: {=IFERROR(INDEX(Data!F:F, MATCH($E100, Data!$B:$B, 0)), "")} | D100: {=IFERROR(INDEX(Data!A:A, MATCH($E100, Data!$B:$B, 0)), "")} | E100: =LARGE(Data!$B$2:$B1000,A100 ) -> #NUM! | F100: {=IFERROR(INDEX(Data!C:C, MATCH($E100, Data!$B:$B, 0)), "")} | G100: {=IFERROR(INDEX(Data!D:D, MATCH($E100, Data!$B:$B, 0)), "")} | H100: {=IFERROR(INDEX(Data!E:E, MATCH($E100, Data!$B:$B, 0)), "")} | I100: =INDIRECT("'"&D100&"'!M12") | J100: =INDIRECT("'"&D100&"'!j12") -> #REF!
A101: 99 | B101: 99 | C101: {=IFERROR(INDEX(Data!F:F, MATCH($E101, Data!$B:$B, 0)), "")} | D101: {=IFERROR(INDEX(Data!A:A, MATCH($E101, Data!$B:$B, 0)), "")} | E101: =LARGE(Data!$B$2:$B1000,A101 ) -> #NUM! | F101: {=IFERROR(INDEX(Data!C:C, MATCH($E101, Data!$B:$B, 0)), "")} | G101: {=IFERROR(INDEX(Data!D:D, MATCH($E101, Data!$B:$B, 0)), "")} | H101: {=IFERROR(INDEX(Data!E:E, MATCH($E101, Data!$B:$B, 0)), "")} | I101: =INDIRECT("'"&D101&"'!M12") | J101: =INDIRECT("'"&D101&"'!j12") -> #REF!
...

Sheet QUAL 12
D2: BLUE 1 | F2: BLUE 2 | H2: BLUE 3 | J2: RED 1 | L2: RED 2 | N2: RED 3
B4: TEAM NUMBER | D4: 7031 | F4: 7718 | H4: 1880 | J4: 250 | L4: 4121 | N4: 263 | P4: TEAM NUMBER
B6: TOTAL EPA | D6: =INDIRECT("'" & D4 & "'!C4") -> #REF! | E6: =INDIRECT("'" & E4 & "'!C4") | F6: =INDIRECT("'" & F4 & "'!C4") -> #REF! | G6: =INDIRECT("'" & G4 & "'!C4") | H6: =INDIRECT("'" & H4 & "'!C4") -> #REF! | I6: =INDIRECT("'" & I4 & "'!C4") | J6: =INDIRECT("'" & J4 & "'!C4") -> #REF! | K6: =INDIRECT("'" & K4 & "'!C4") | ... O6: =INDIRECT("'" & O4 & "'!C4") | P6: =B6 -> TOTAL EPA
P7: =B7
B8: AUTO EPA | D8: =INDIRECT("'" & D4 & "'!C6") -> #REF! | E8: =INDIRECT("'" & E4 & "'!C6") | F8: =INDIRECT("'" & F4 & "'!C6") -> #REF! | G8: =INDIRECT("'" & G4 & "'!C6") | H8: =INDIRECT("'" & H4 & "'!C6") -> #REF! | I8: =INDIRECT("'" & I4 & "'!C6") | J8: =INDIRECT("'" & J4 & "'!C6") -> #REF! | K8: =INDIRECT("'" & K4 & "'!C6") | ... O8: =INDIRECT("'" & O4 & "'!C6") | P8: =B8 -> AUTO EPA
P9: =B9
B10: TELE-OP EPA | D10: =INDIRECT("'" & D4 & "'!C8") -> #REF! | E10: =INDIRECT("'" & E4 & "'!C8") | F10: =INDIRECT("'" & F4 & "'!C8") -> #REF! | G10: =INDIRECT("'" & G4 & "'!C8") | H10: =INDIRECT("'" & H4 & "'!C8") -> #REF! | I10: =INDIRECT("'" & I4 & "'!C8") | J10: =INDIRECT("'" & J4 & "'!C8") -> #REF! | K10: =INDIRECT("'" & K4 & "'!C8") | ... O10: =INDIRECT("'" & O4 & "'!C8") | P10: =B10 -> TELE-OP EPA
P11: =B11
B12: ENDGAME EPA | D12: =INDIRECT("'" & D4 & "'!C10") -> #REF! | E12: =INDIRECT("'" & E4 & "'!C10") | F12: =INDIRECT("'" & F4 & "'!C10") -> #REF! | G12: =INDIRECT("'" & G4 & "'!C10") | H12: =INDIRECT("'" & H4 & "'!C10") -> #REF! | I12: =INDIRECT("'" & I4 & "'!C10") | J12: =INDIRECT("'" & J4 & "'!C10") -> #REF! | K12: =INDIRECT("'" & K4 & "'!C10") | ... O12: =INDIRECT("'" & O4 & "'!C10") | P12: =B12 -> ENDGAME EPA
P13: =B13
B14: TRENCH? | D14: {=INDIRECT("'" & D4 & "'!J12")} -> #REF! | F14: {=INDIRECT("'" & F4 & "'!J12")} -> #REF! | H14: {=INDIRECT("'" & H4 & "'!J12")} -> #REF! | J14: {=INDIRECT("'" & J4 & "'!J12")} -> #REF! | L14: {=INDIRECT("'" & L4 & "'!J12")} -> #REF! | N14: {=INDIRECT("'" & N4 & "'!J12")} | P14: =B14 -> TRENCH?
P15: =B15
B16: DRIVE BASE | D16: =INDIRECT("'" & D4 & "'!J5") -> #REF! | E16: =INDIRECT("'" & E4 & "'!J5") | F16: =INDIRECT("'" & F4 & "'!J5") -> #REF! | G16: =INDIRECT("'" & G4 & "'!J5") | H16: =INDIRECT("'" & H4 & "'!J5") -> #REF! | I16: =INDIRECT("'" & I4 & "'!J5") | J16: =INDIRECT("'" & J4 & "'!J5") -> #REF! | K16: =INDIRECT("'" & K4 & "'!J5") | ... O16: =INDIRECT("'" & O4 & "'!J5") | P16: =B16 -> DRIVE BASE
P17: =B17
B18: SHOOTER STYLE | D18: =INDIRECT("'" & D4 & "'!M12") -> #REF! | E18: =INDIRECT("'" & E4 & "'!M12") | F18: =INDIRECT("'" & F4 & "'!M12") -> #REF! | G18: =INDIRECT("'" & G4 & "'!M12") | H18: =INDIRECT("'" & H4 & "'!M12") -> #REF! | I18: =INDIRECT("'" & I4 & "'!M12") | J18: =INDIRECT("'" & J4 & "'!M12") -> #REF! | K18: =INDIRECT("'" & K4 & "'!M12") | ... O18: =INDIRECT("'" & O4 & "'!M12") | P18: =B18 -> SHOOTER STYLE
P19: =B19
B20: # OF LANES | D20: =INDIRECT("'" & D4 & "'!M13") -> #REF! | E20: =INDIRECT("'" & E4 & "'!M13") | F20: =INDIRECT("'" & F4 & "'!M13") -> #REF! | G20: =INDIRECT("'" & G4 & "'!M13") | H20: =INDIRECT("'" & H4 & "'!M13") -> #REF! | I20: =INDIRECT("'" & I4 & "'!M13") | J20: =INDIRECT("'" & J4 & "'!M13") -> #REF! | K20: =INDIRECT("'" & K4 & "'!M13") | ... O20: =INDIRECT("'" & O4 & "'!M13") | P20: =B20 -> # OF LANES
P21: =B21
B22: HOPPER CAPACITY | D22: =INDIRECT("'" & D4 & "'!J17") -> #REF! | E22: =INDIRECT("'" & E4 & "'!J17") | F22: =INDIRECT("'" & F4 & "'!J17") -> #REF! | G22: =INDIRECT("'" & G4 & "'!J17") | H22: =INDIRECT("'" & H4 & "'!J17") -> #REF! | J22: =INDIRECT("'" & J4 & "'!J17") -> #REF! | K22: =INDIRECT("'" & K4 & "'!J17") | L22: =INDIRECT("'" & L4 & "'!J17") -> #REF! | M22: =INDIRECT("'" & M4 & "'!J17") | N22: =INDIRECT("'" & N4 & "'!J17") | P22: =B22 -> HOPPER CAPACITY
P23: =B23
B24: SHOOT PRELOAD | D24: =INDIRECT("'" & D4 & "'!M21") -> #REF! | E24: =INDIRECT("'" & E4 & "'!M21") | F24: =INDIRECT("'" & F4 & "'!M21") -> #REF! | G24: =INDIRECT("'" & G4 & "'!M21") | H24: =INDIRECT("'" & H4 & "'!M21") -> #REF! | I24: =INDIRECT("'" & I4 & "'!M21") | J24: =INDIRECT("'" & J4 & "'!M21") -> #REF! | K24: =INDIRECT("'" & K4 & "'!M21") | ... O24: =INDIRECT("'" & O4 & "'!M21") | P24: =B24 -> SHOOT PRELOAD
P25: =B25
B26: CENTER AUTO | D26: =INDIRECT("'" & D4 & "'!M22") -> #REF! | E26: =INDIRECT("'" & E4 & "'!M22") | F26: =INDIRECT("'" & F4 & "'!M22") -> #REF! | G26: =INDIRECT("'" & G4 & "'!M22") | H26: =INDIRECT("'" & H4 & "'!M22") -> #REF! | I26: =INDIRECT("'" & I4 & "'!M22") | J26: =INDIRECT("'" & J4 & "'!M22") -> #REF! | K26: =INDIRECT("'" & K4 & "'!M22") | ... O26: =INDIRECT("'" & O4 & "'!M22") | P26: =B26 -> CENTER AUTO
P27: =B27
B28: # OF SWEEPS | D28: =INDIRECT("'" & D4 & "'!M23") -> #REF! | E28: =INDIRECT("'" & E4 & "'!M23") | F28: =INDIRECT("'" & F4 & "'!M23") -> #REF! | G28: =INDIRECT("'" & G4 & "'!M23") | H28: =INDIRECT("'" & H4 & "'!M23") -> #REF! | I28: =INDIRECT("'" & I4 & "'!M23") | J28: =INDIRECT("'" & J4 & "'!M23") -> #REF! | K28: =INDIRECT("'" & K4 & "'!M23") | ... O28: =INDIRECT("'" & O4 & "'!M23") | P28: =B28 -> # OF SWEEPS
P29: =B29
B30: DEPOT AUTO | D30: =INDIRECT("'" & D4 & "'!M24") -> #REF! | E30: =INDIRECT("'" & E4 & "'!M24") | F30: =INDIRECT("'" & F4 & "'!M24") -> #REF! | G30: =INDIRECT("'" & G4 & "'!M24") | H30: =INDIRECT("'" & H4 & "'!M24") -> #REF! | I30: =INDIRECT("'" & I4 & "'!M24") | J30: =INDIRECT("'" & J4 & "'!M24") -> #REF! | K30: =INDIRECT("'" & K4 & "'!M24") | ... O30: =INDIRECT("'" & O4 & "'!M24") | P30: =B30 -> DEPOT AUTO
P31: =B31
B32: OUTPOST AUTO | D32: =INDIRECT("'" & D4 & "'!M25") -> #REF! | E32: =INDIRECT("'" & E4 & "'!M25") | F32: =INDIRECT("'" & F4 & "'!M25") -> #REF! | G32: =INDIRECT("'" & G4 & "'!M25") | H32: =INDIRECT("'" & H4 & "'!M25") -> #REF! | I32: =INDIRECT("'" & I4 & "'!M25") | J32: =INDIRECT("'" & J4 & "'!M25") -> #REF! | K32: =INDIRECT("'" & K4 & "'!M25") | ... O32: =INDIRECT("'" & O4 & "'!M25") | P32: =B32 -> OUTPOST AUTO
P33: =B33
B34: ROBOT WEIGHT | D34: =INDIRECT("'" & D4 & "'!G5") -> #REF! | E34: =INDIRECT("'" & E4 & "'!G5") | F34: =INDIRECT("'" & F4 & "'!G5") -> #REF! | G34: =INDIRECT("'" & G4 & "'!G5") | H34: =INDIRECT("'" & H4 & "'!G5") -> #REF! | I34: =INDIRECT("'" & I4 & "'!G5") | J34: =INDIRECT("'" & J4 & "'!G5") -> #REF! | K34: =INDIRECT("'" & K4 & "'!G5") | ... O34: =INDIRECT("'" & O4 & "'!G5") | P34: =B34 -> ROBOT WEIGHT
P35: =B35
B36: TEAM NUMBER | D36: =D4 -> 7031 | E36: =E4 | F36: =F4 -> 7718 | G36: =G4 | H36: =H4 -> 1880 | I36: =I4 | J36: =J4 -> 250 | K36: =K4 | ... N36: =N4 -> 263 | P36: =B36 -> TEAM NUMBER
E38: PREDICTED SCORE | H38: =SUM(D6:H6) -> #REF! | J38: =SUM(J6:N6) -> #REF! | K38: PREDICTED SCORE

Sheet QUAL 21
D2: BLUE 1 | F2: BLUE 2 | H2: BLUE 3 | J2: RED 1 | L2: RED 2 | N2: RED 3
B4: TEAM NUMBER | D4: 10413 | F4: 5590 | H4: 1559 | J4: 263 | L4: 677 | N4: 6806 | P4: TEAM NUMBER
B6: TOTAL EPA | D6: =INDIRECT("'" & D4 & "'!C4") -> #REF! | E6: =INDIRECT("'" & E4 & "'!C4") | F6: =INDIRECT("'" & F4 & "'!C4") -> #REF! | G6: =INDIRECT("'" & G4 & "'!C4") | H6: =INDIRECT("'" & H4 & "'!C4") -> #REF! | I6: =INDIRECT("'" & I4 & "'!C4") | J6: =INDIRECT("'" & J4 & "'!C4") -> 79.71 | K6: =INDIRECT("'" & K4 & "'!C4") | ... O6: =INDIRECT("'" & O4 & "'!C4") | P6: =B6 -> TOTAL EPA
P7: =B7
B8: AUTO EPA | D8: =INDIRECT("'" & D4 & "'!C6") -> #REF! | E8: =INDIRECT("'" & E4 & "'!C6") | F8: =INDIRECT("'" & F4 & "'!C6") -> #REF! | G8: =INDIRECT("'" & G4 & "'!C6") | H8: =INDIRECT("'" & H4 & "'!C6") -> #REF! | I8: =INDIRECT("'" & I4 & "'!C6") | J8: =INDIRECT("'" & J4 & "'!C6") -> 17.33 | K8: =INDIRECT("'" & K4 & "'!C6") | ... O8: =INDIRECT("'" & O4 & "'!C6") | P8: =B8 -> AUTO EPA
P9: =B9
B10: TELE-OP EPA | D10: =INDIRECT("'" & D4 & "'!C8") -> #REF! | E10: =INDIRECT("'" & E4 & "'!C8") | F10: =INDIRECT("'" & F4 & "'!C8") -> #REF! | G10: =INDIRECT("'" & G4 & "'!C8") | H10: =INDIRECT("'" & H4 & "'!C8") -> #REF! | I10: =INDIRECT("'" & I4 & "'!C8") | J10: =INDIRECT("'" & J4 & "'!C8") -> 41.46 | K10: =INDIRECT("'" & K4 & "'!C8") | ... O10: =INDIRECT("'" & O4 & "'!C8") | P10: =B10 -> TELE-OP EPA
P11: =B11
B12: ENDGAME EPA | D12: =INDIRECT("'" & D4 & "'!C10") -> #REF! | E12: =INDIRECT("'" & E4 & "'!C10") | F12: =INDIRECT("'" & F4 & "'!C10") -> #REF! | G12: =INDIRECT("'" & G4 & "'!C10") | H12: =INDIRECT("'" & H4 & "'!C10") -> #REF! | I12: =INDIRECT("'" & I4 & "'!C10") | J12: =INDIRECT("'" & J4 & "'!C10") -> 20.92 | K12: =INDIRECT("'" & K4 & "'!C10") | ... O12: =INDIRECT("'" & O4 & "'!C10") | P12: =B12 -> ENDGAME EPA
P13: =B13
B14: TRENCH? | D14: {=INDIRECT("'" & D4 & "'!J12")} -> #REF! | F14: {=INDIRECT("'" & F4 & "'!J12")} -> #REF! | H14: {=INDIRECT("'" & H4 & "'!J12")} -> #REF! | J14: {=INDIRECT("'" & J4 & "'!J12")} | L14: {=INDIRECT("'" & L4 & "'!J12")} -> #REF! | N14: {=INDIRECT("'" & N4 & "'!J12")} -> #REF! | P14: =B14 -> TRENCH?
P15: =B15
B16: DRIVE BASE | D16: =INDIRECT("'" & D4 & "'!J5") -> #REF! | E16: =INDIRECT("'" & E4 & "'!J5") | F16: =INDIRECT("'" & F4 & "'!J5") -> #REF! | G16: =INDIRECT("'" & G4 & "'!J5") | H16: =INDIRECT("'" & H4 & "'!J5") -> #REF! | I16: =INDIRECT("'" & I4 & "'!J5") | J16: =INDIRECT("'" & J4 & "'!J5") | K16: =INDIRECT("'" & K4 & "'!J5") | ... O16: =INDIRECT("'" & O4 & "'!J5") | P16: =B16 -> DRIVE BASE
P17: =B17
B18: SHOOTER STYLE | D18: =INDIRECT("'" & D4 & "'!M12") -> #REF! | E18: =INDIRECT("'" & E4 & "'!M12") | F18: =INDIRECT("'" & F4 & "'!M12") -> #REF! | G18: =INDIRECT("'" & G4 & "'!M12") | H18: =INDIRECT("'" & H4 & "'!M12") -> #REF! | I18: =INDIRECT("'" & I4 & "'!M12") | J18: =INDIRECT("'" & J4 & "'!M12") | K18: =INDIRECT("'" & K4 & "'!M12") | ... O18: =INDIRECT("'" & O4 & "'!M12") | P18: =B18 -> SHOOTER STYLE
P19: =B19
B20: # OF LANES | D20: =INDIRECT("'" & D4 & "'!M13") -> #REF! | E20: =INDIRECT("'" & E4 & "'!M13") | F20: =INDIRECT("'" & F4 & "'!M13") -> #REF! | G20: =INDIRECT("'" & G4 & "'!M13") | H20: =INDIRECT("'" & H4 & "'!M13") -> #REF! | I20: =INDIRECT("'" & I4 & "'!M13") | J20: =INDIRECT("'" & J4 & "'!M13") | K20: =INDIRECT("'" & K4 & "'!M13") | ... O20: =INDIRECT("'" & O4 & "'!M13") | P20: =B20 -> # OF LANES
P21: =B21
B22: HOPPER CAPACITY | D22: =INDIRECT("'" & D4 & "'!J17") -> #REF! | E22: =INDIRECT("'" & E4 & "'!J17") | F22: =INDIRECT("'" & F4 & "'!J17") -> #REF! | G22: =INDIRECT("'" & G4 & "'!J17") | H22: =INDIRECT("'" & H4 & "'!J17") -> #REF! | J22: =INDIRECT("'" & J4 & "'!J17") | K22: =INDIRECT("'" & K4 & "'!J17") | L22: =INDIRECT("'" & L4 & "'!J17") -> #REF! | M22: =INDIRECT("'" & M4 & "'!J17") | N22: =INDIRECT("'" & N4 & "'!J17") -> #REF! | P22: =B22 -> HOPPER CAPACITY
P23: =B23
B24: SHOOT PRELOAD | D24: =INDIRECT("'" & D4 & "'!M21") -> #REF! | E24: =INDIRECT("'" & E4 & "'!M21") | F24: =INDIRECT("'" & F4 & "'!M21") -> #REF! | G24: =INDIRECT("'" & G4 & "'!M21") | H24: =INDIRECT("'" & H4 & "'!M21") -> #REF! | I24: =INDIRECT("'" & I4 & "'!M21") | J24: =INDIRECT("'" & J4 & "'!M21") | K24: =INDIRECT("'" & K4 & "'!M21") | ... O24: =INDIRECT("'" & O4 & "'!M21") | P24: =B24 -> SHOOT PRELOAD
P25: =B25
B26: CENTER AUTO | D26: =INDIRECT("'" & D4 & "'!M22") -> #REF! | E26: =INDIRECT("'" & E4 & "'!M22") | F26: =INDIRECT("'" & F4 & "'!M22") -> #REF! | G26: =INDIRECT("'" & G4 & "'!M22") | H26: =INDIRECT("'" & H4 & "'!M22") -> #REF! | I26: =INDIRECT("'" & I4 & "'!M22") | J26: =INDIRECT("'" & J4 & "'!M22") | K26: =INDIRECT("'" & K4 & "'!M22") | ... O26: =INDIRECT("'" & O4 & "'!M22") | P26: =B26 -> CENTER AUTO
P27: =B27
B28: # OF SWEEPS | D28: =INDIRECT("'" & D4 & "'!M23") -> #REF! | E28: =INDIRECT("'" & E4 & "'!M23") | F28: =INDIRECT("'" & F4 & "'!M23") -> #REF! | G28: =INDIRECT("'" & G4 & "'!M23") | H28: =INDIRECT("'" & H4 & "'!M23") -> #REF! | I28: =INDIRECT("'" & I4 & "'!M23") | J28: =INDIRECT("'" & J4 & "'!M23") | K28: =INDIRECT("'" & K4 & "'!M23") | ... O28: =INDIRECT("'" & O4 & "'!M23") | P28: =B28 -> # OF SWEEPS
P29: =B29
B30: DEPOT AUTO | D30: =INDIRECT("'" & D4 & "'!M24") -> #REF! | E30: =INDIRECT("'" & E4 & "'!M24") | F30: =INDIRECT("'" & F4 & "'!M24") -> #REF! | G30: =INDIRECT("'" & G4 & "'!M24") | H30: =INDIRECT("'" & H4 & "'!M24") -> #REF! | I30: =INDIRECT("'" & I4 & "'!M24") | J30: =INDIRECT("'" & J4 & "'!M24") | K30: =INDIRECT("'" & K4 & "'!M24") | ... O30: =INDIRECT("'" & O4 & "'!M24") | P30: =B30 -> DEPOT AUTO
P31: =B31
B32: OUTPOST AUTO | D32: =INDIRECT("'" & D4 & "'!M25") -> #REF! | E32: =INDIRECT("'" & E4 & "'!M25") | F32: =INDIRECT("'" & F4 & "'!M25") -> #REF! | G32: =INDIRECT("'" & G4 & "'!M25") | H32: =INDIRECT("'" & H4 & "'!M25") -> #REF! | I32: =INDIRECT("'" & I4 & "'!M25") | J32: =INDIRECT("'" & J4 & "'!M25") | K32: =INDIRECT("'" & K4 & "'!M25") | ... O32: =INDIRECT("'" & O4 & "'!M25") | P32: =B32 -> OUTPOST AUTO
P33: =B33
B34: ROBOT WEIGHT | D34: =INDIRECT("'" & D4 & "'!G5") -> #REF! | E34: =INDIRECT("'" & E4 & "'!G5") | F34: =INDIRECT("'" & F4 & "'!G5") -> #REF! | G34: =INDIRECT("'" & G4 & "'!G5") | H34: =INDIRECT("'" & H4 & "'!G5") -> #REF! | I34: =INDIRECT("'" & I4 & "'!G5") | J34: =INDIRECT("'" & J4 & "'!G5") -> SWERVE | K34: =INDIRECT("'" & K4 & "'!G5") | ... O34: =INDIRECT("'" & O4 & "'!G5") | P34: =B34 -> ROBOT WEIGHT
P35: =B35
B36: TEAM NUMBER | D36: =D4 -> 10413 | E36: =E4 | F36: =F4 -> 5590 | G36: =G4 | H36: =H4 -> 1559 | I36: =I4 | J36: =J4 -> 263 | K36: =K4 | ... N36: =N4 -> 6806 | P36: =B36 -> TEAM NUMBER
E38: PREDICTED SCORE | H38: =SUM(D6:H6) -> #REF! | J38: =SUM(J6:N6) -> #REF! | K38: PREDICTED SCORE

Sheet QUAL 32
D2: BLUE 1 | F2: BLUE 2 | H2: BLUE 3 | J2: RED 1 | L2: RED 2 | N2: RED 3
B4: TEAM NUMBER | D4: 3003 | F4: 7605 | H4: 1796 | J4: 5149 | L4: 533 | N4: 263 | P4: TEAM NUMBER
B6: TOTAL EPA | D6: =INDIRECT("'" & D4 & "'!C4") -> #REF! | E6: =INDIRECT("'" & E4 & "'!C4") | F6: =INDIRECT("'" & F4 & "'!C4") -> #REF! | G6: =INDIRECT("'" & G4 & "'!C4") | H6: =INDIRECT("'" & H4 & "'!C4") -> #REF! | I6: =INDIRECT("'" & I4 & "'!C4") | J6: =INDIRECT("'" & J4 & "'!C4") -> #REF! | K6: =INDIRECT("'" & K4 & "'!C4") | ... O6: =INDIRECT("'" & O4 & "'!C4") | P6: =B6 -> TOTAL EPA
P7: =B7
B8: AUTO EPA | D8: =INDIRECT("'" & D4 & "'!C6") -> #REF! | E8: =INDIRECT("'" & E4 & "'!C6") | F8: =INDIRECT("'" & F4 & "'!C6") -> #REF! | G8: =INDIRECT("'" & G4 & "'!C6") | H8: =INDIRECT("'" & H4 & "'!C6") -> #REF! | I8: =INDIRECT("'" & I4 & "'!C6") | J8: =INDIRECT("'" & J4 & "'!C6") -> #REF! | K8: =INDIRECT("'" & K4 & "'!C6") | ... O8: =INDIRECT("'" & O4 & "'!C6") | P8: =B8 -> AUTO EPA
P9: =B9
B10: TELE-OP EPA | D10: =INDIRECT("'" & D4 & "'!C8") -> #REF! | E10: =INDIRECT("'" & E4 & "'!C8") | F10: =INDIRECT("'" & F4 & "'!C8") -> #REF! | G10: =INDIRECT("'" & G4 & "'!C8") | H10: =INDIRECT("'" & H4 & "'!C8") -> #REF! | I10: =INDIRECT("'" & I4 & "'!C8") | J10: =INDIRECT("'" & J4 & "'!C8") -> #REF! | K10: =INDIRECT("'" & K4 & "'!C8") | ... O10: =INDIRECT("'" & O4 & "'!C8") | P10: =B10 -> TELE-OP EPA
P11: =B11
B12: ENDGAME EPA | D12: =INDIRECT("'" & D4 & "'!C10") -> #REF! | E12: =INDIRECT("'" & E4 & "'!C10") | F12: =INDIRECT("'" & F4 & "'!C10") -> #REF! | G12: =INDIRECT("'" & G4 & "'!C10") | H12: =INDIRECT("'" & H4 & "'!C10") -> #REF! | I12: =INDIRECT("'" & I4 & "'!C10") | J12: =INDIRECT("'" & J4 & "'!C10") -> #REF! | K12: =INDIRECT("'" & K4 & "'!C10") | ... O12: =INDIRECT("'" & O4 & "'!C10") | P12: =B12 -> ENDGAME EPA
P13: =B13
B14: TRENCH? | D14: {=INDIRECT("'" & D4 & "'!J12")} -> #REF! | F14: {=INDIRECT("'" & F4 & "'!J12")} -> #REF! | H14: {=INDIRECT("'" & H4 & "'!J12")} -> #REF! | J14: {=INDIRECT("'" & J4 & "'!J12")} -> #REF! | L14: {=INDIRECT("'" & L4 & "'!J12")} -> #REF! | N14: {=INDIRECT("'" & N4 & "'!J12")} | P14: =B14 -> TRENCH?
P15: =B15
B16: DRIVE BASE | D16: =INDIRECT("'" & D4 & "'!J5") -> #REF! | E16: =INDIRECT("'" & E4 & "'!J5") | F16: =INDIRECT("'" & F4 & "'!J5") -> #REF! | G16: =INDIRECT("'" & G4 & "'!J5") | H16: =INDIRECT("'" & H4 & "'!J5") -> #REF! | I16: =INDIRECT("'" & I4 & "'!J5") | J16: =INDIRECT("'" & J4 & "'!J5") -> #REF! | K16: =INDIRECT("'" & K4 & "'!J5") | ... O16: =INDIRECT("'" & O4 & "'!J5") | P16: =B16 -> DRIVE BASE
P17: =B17
B18: SHOOTER STYLE | D18: =INDIRECT("'" & D4 & "'!M12") -> #REF! | E18: =INDIRECT("'" & E4 & "'!M12") | F18: =INDIRECT("'" & F4 & "'!M12") -> #REF! | G18: =INDIRECT("'" & G4 & "'!M12") | H18: =INDIRECT("'" & H4 & "'!M12") -> #REF! | I18: =INDIRECT("'" & I4 & "'!M12") | J18: =INDIRECT("'" & J4 & "'!M12") -> #REF! | K18: =INDIRECT("'" & K4 & "'!M12") | ... O18: =INDIRECT("'" & O4 & "'!M12") | P18: =B18 -> SHOOTER STYLE
P19: =B19
B20: # OF LANES | D20: =INDIRECT("'" & D4 & "'!M13") -> #REF! | E20: =INDIRECT("'" & E4 & "'!M13") | F20: =INDIRECT("'" & F4 & "'!M13") -> #REF! | G20: =INDIRECT("'" & G4 & "'!M13") | H20: =INDIRECT("'" & H4 & "'!M13") -> #REF! | I20: =INDIRECT("'" & I4 & "'!M13") | J20: =INDIRECT("'" & J4 & "'!M13") -> #REF! | K20: =INDIRECT("'" & K4 & "'!M13") | ... O20: =INDIRECT("'" & O4 & "'!M13") | P20: =B20 -> # OF LANES
P21: =B21
B22: HOPPER CAPACITY | D22: =INDIRECT("'" & D4 & "'!J17") -> #REF! | E22: =INDIRECT("'" & E4 & "'!J17") | F22: =INDIRECT("'" & F4 & "'!J17") -> #REF! | G22: =INDIRECT("'" & G4 & "'!J17") | H22: =INDIRECT("'" & H4 & "'!J17") -> #REF! | J22: =INDIRECT("'" & J4 & "'!J17") -> #REF! | K22: =INDIRECT("'" & K4 & "'!J17") | L22: =INDIRECT("'" & L4 & "'!J17") -> #REF! | M22: =INDIRECT("'" & M4 & "'!J17") | N22: =INDIRECT("'" & N4 & "'!J17") | P22: =B22 -> HOPPER CAPACITY
P23: =B23
B24: SHOOT PRELOAD | D24: =INDIRECT("'" & D4 & "'!M21") -> #REF! | E24: =INDIRECT("'" & E4 & "'!M21") | F24: =INDIRECT("'" & F4 & "'!M21") -> #REF! | G24: =INDIRECT("'" & G4 & "'!M21") | H24: =INDIRECT("'" & H4 & "'!M21") -> #REF! | I24: =INDIRECT("'" & I4 & "'!M21") | J24: =INDIRECT("'" & J4 & "'!M21") -> #REF! | K24: =INDIRECT("'" & K4 & "'!M21") | ... O24: =INDIRECT("'" & O4 & "'!M21") | P24: =B24 -> SHOOT PRELOAD
P25: =B25
B26: CENTER AUTO | D26: =INDIRECT("'" & D4 & "'!M22") -> #REF! | E26: =INDIRECT("'" & E4 & "'!M22") | F26: =INDIRECT("'" & F4 & "'!M22") -> #REF! | G26: =INDIRECT("'" & G4 & "'!M22") | H26: =INDIRECT("'" & H4 & "'!M22") -> #REF! | I26: =INDIRECT("'" & I4 & "'!M22") | J26: =INDIRECT("'" & J4 & "'!M22") -> #REF! | K26: =INDIRECT("'" & K4 & "'!M22") | ... O26: =INDIRECT("'" & O4 & "'!M22") | P26: =B26 -> CENTER AUTO
P27: =B27
B28: # OF SWEEPS | D28: =INDIRECT("'" & D4 & "'!M23") -> #REF! | E28: =INDIRECT("'" & E4 & "'!M23") | F28: =INDIRECT("'" & F4 & "'!M23") -> #REF! | G28: =INDIRECT("'" & G4 & "'!M23") | H28: =INDIRECT("'" & H4 & "'!M23") -> #REF! | I28: =INDIRECT("'" & I4 & "'!M23") | J28: =INDIRECT("'" & J4 & "'!M23") -> #REF! | K28: =INDIRECT("'" & K4 & "'!M23") | ... O28: =INDIRECT("'" & O4 & "'!M23") | P28: =B28 -> # OF SWEEPS
P29: =B29
B30: DEPOT AUTO | D30: =INDIRECT("'" & D4 & "'!M24") -> #REF! | E30: =INDIRECT("'" & E4 & "'!M24") | F30: =INDIRECT("'" & F4 & "'!M24") -> #REF! | G30: =INDIRECT("'" & G4 & "'!M24") | H30: =INDIRECT("'" & H4 & "'!M24") -> #REF! | I30: =INDIRECT("'" & I4 & "'!M24") | J30: =INDIRECT("'" & J4 & "'!M24") -> #REF! | K30: =INDIRECT("'" & K4 & "'!M24") | ... O30: =INDIRECT("'" & O4 & "'!M24") | P30: =B30 -> DEPOT AUTO
P31: =B31
B32: OUTPOST AUTO | D32: =INDIRECT("'" & D4 & "'!M25") -> #REF! | E32: =INDIRECT("'" & E4 & "'!M25") | F32: =INDIRECT("'" & F4 & "'!M25") -> #REF! | G32: =INDIRECT("'" & G4 & "'!M25") | H32: =INDIRECT("'" & H4 & "'!M25") -> #REF! | I32: =INDIRECT("'" & I4 & "'!M25") | J32: =INDIRECT("'" & J4 & "'!M25") -> #REF! | K32: =INDIRECT("'" & K4 & "'!M25") | ... O32: =INDIRECT("'" & O4 & "'!M25") | P32: =B32 -> OUTPOST AUTO
P33: =B33
B34: ROBOT WEIGHT | D34: =INDIRECT("'" & D4 & "'!G5") -> #REF! | E34: =INDIRECT("'" & E4 & "'!G5") | F34: =INDIRECT("'" & F4 & "'!G5") -> #REF! | G34: =INDIRECT("'" & G4 & "'!G5") | H34: =INDIRECT("'" & H4 & "'!G5") -> #REF! | I34: =INDIRECT("'" & I4 & "'!G5") | J34: =INDIRECT("'" & J4 & "'!G5") -> #REF! | K34: =INDIRECT("'" & K4 & "'!G5") | ... O34: =INDIRECT("'" & O4 & "'!G5") | P34: =B34 -> ROBOT WEIGHT
P35: =B35
B36: TEAM NUMBER | D36: =D4 -> 3003 | E36: =E4 | F36: =F4 -> 7605 | G36: =G4 | H36: =H4 -> 1796 | I36: =I4 | J36: =J4 -> 5149 | K36: =K4 | ... N36: =N4 -> 263 | P36: =B36 -> TEAM NUMBER
E38: PREDICTED SCORE | H38: =SUM(D6:H6) -> #REF! | J38: =SUM(J6:N6) -> #REF! | K38: PREDICTED SCORE

Sheet QUAL 41
D2: BLUE 1 | F2: BLUE 2 | H2: BLUE 3 | J2: RED 1 | L2: RED 2 | N2: RED 3
B4: TEAM NUMBER | D4: 263 | F4: 10413 | H4: 1493 | J4: 578 | L4: 9194 | N4: 4930 | P4: TEAM NUMBER
B6: TOTAL EPA | D6: =INDIRECT("'" & D4 & "'!C4") -> 79.71 | E6: =INDIRECT("'" & E4 & "'!C4") | F6: =INDIRECT("'" & F4 & "'!C4") -> #REF! | G6: =INDIRECT("'" & G4 & "'!C4") | H6: =INDIRECT("'" & H4 & "'!C4") -> #REF! | I6: =INDIRECT("'" & I4 & "'!C4") | J6: =INDIRECT("'" & J4 & "'!C4") -> #REF! | K6: =INDIRECT("'" & K4 & "'!C4") | ... O6: =INDIRECT("'" & O4 & "'!C4") | P6: =B6 -> TOTAL EPA
P7: =B7
B8: AUTO EPA | D8: =INDIRECT("'" & D4 & "'!C6") -> 17.33 | E8: =INDIRECT("'" & E4 & "'!C6") | F8: =INDIRECT("'" & F4 & "'!C6") -> #REF! | G8: =INDIRECT("'" & G4 & "'!C6") | H8: =INDIRECT("'" & H4 & "'!C6") -> #REF! | I8: =INDIRECT("'" & I4 & "'!C6") | J8: =INDIRECT("'" & J4 & "'!C6") -> #REF! | K8: =INDIRECT("'" & K4 & "'!C6") | ... O8: =INDIRECT("'" & O4 & "'!C6") | P8: =B8 -> AUTO EPA
P9: =B9
B10: TELE-OP EPA | D10: =INDIRECT("'" & D4 & "'!C8") -> 41.46 | E10: =INDIRECT("'" & E4 & "'!C8") | F10: =INDIRECT("'" & F4 & "'!C8") -> #REF! | G10: =INDIRECT("'" & G4 & "'!C8") | H10: =INDIRECT("'" & H4 & "'!C8") -> #REF! | I10: =INDIRECT("'" & I4 & "'!C8") | J10: =INDIRECT("'" & J4 & "'!C8") -> #REF! | K10: =INDIRECT("'" & K4 & "'!C8") | ... O10: =INDIRECT("'" & O4 & "'!C8") | P10: =B10 -> TELE-OP EPA
P11: =B11
B12: ENDGAME EPA | D12: =INDIRECT("'" & D4 & "'!C10") -> 20.92 | E12: =INDIRECT("'" & E4 & "'!C10") | F12: =INDIRECT("'" & F4 & "'!C10") -> #REF! | G12: =INDIRECT("'" & G4 & "'!C10") | H12: =INDIRECT("'" & H4 & "'!C10") -> #REF! | I12: =INDIRECT("'" & I4 & "'!C10") | J12: =INDIRECT("'" & J4 & "'!C10") -> #REF! | K12: =INDIRECT("'" & K4 & "'!C10") | ... O12: =INDIRECT("'" & O4 & "'!C10") | P12: =B12 -> ENDGAME EPA
P13: =B13
B14: TRENCH? | D14: {=INDIRECT("'" & D4 & "'!J12")} | F14: {=INDIRECT("'" & F4 & "'!J12")} -> #REF! | H14: {=INDIRECT("'" & H4 & "'!J12")} -> #REF! | J14: {=INDIRECT("'" & J4 & "'!J12")} -> #REF! | L14: {=INDIRECT("'" & L4 & "'!J12")} -> #REF! | N14: {=INDIRECT("'" & N4 & "'!J12")} -> #REF! | P14: =B14 -> TRENCH?
P15: =B15
B16: DRIVE BASE | D16: =INDIRECT("'" & D4 & "'!J5") | E16: =INDIRECT("'" & E4 & "'!J5") | F16: =INDIRECT("'" & F4 & "'!J5") -> #REF! | G16: =INDIRECT("'" & G4 & "'!J5") | H16: =INDIRECT("'" & H4 & "'!J5") -> #REF! | I16: =INDIRECT("'" & I4 & "'!J5") | J16: =INDIRECT("'" & J4 & "'!J5") -> #REF! | K16: =INDIRECT("'" & K4 & "'!J5") | ... O16: =INDIRECT("'" & O4 & "'!J5") | P16: =B16 -> DRIVE BASE
P17: =B17
B18: SHOOTER STYLE | D18: =INDIRECT("'" & D4 & "'!M12") | E18: =INDIRECT("'" & E4 & "'!M12") | F18: =INDIRECT("'" & F4 & "'!M12") -> #REF! | G18: =INDIRECT("'" & G4 & "'!M12") | H18: =INDIRECT("'" & H4 & "'!M12") -> #REF! | I18: =INDIRECT("'" & I4 & "'!M12") | J18: =INDIRECT("'" & J4 & "'!M12") -> #REF! | K18: =INDIRECT("'" & K4 & "'!M12") | ... O18: =INDIRECT("'" & O4 & "'!M12") | P18: =B18 -> SHOOTER STYLE
P19: =B19
B20: # OF LANES | D20: =INDIRECT("'" & D4 & "'!M13") | E20: =INDIRECT("'" & E4 & "'!M13") | F20: =INDIRECT("'" & F4 & "'!M13") -> #REF! | G20: =INDIRECT("'" & G4 & "'!M13") | H20: =INDIRECT("'" & H4 & "'!M13") -> #REF! | I20: =INDIRECT("'" & I4 & "'!M13") | J20: =INDIRECT("'" & J4 & "'!M13") -> #REF! | K20: =INDIRECT("'" & K4 & "'!M13") | ... O20: =INDIRECT("'" & O4 & "'!M13") | P20: =B20 -> # OF LANES
P21: =B21
B22: HOPPER CAPACITY | D22: =INDIRECT("'" & D4 & "'!J17") | E22: =INDIRECT("'" & E4 & "'!J17") | F22: =INDIRECT("'" & F4 & "'!J17") -> #REF! | G22: =INDIRECT("'" & G4 & "'!J17") | H22: =INDIRECT("'" & H4 & "'!J17") -> #REF! | J22: =INDIRECT("'" & J4 & "'!J17") -> #REF! | K22: =INDIRECT("'" & K4 & "'!J17") | L22: =INDIRECT("'" & L4 & "'!J17") -> #REF! | M22: =INDIRECT("'" & M4 & "'!J17") | N22: =INDIRECT("'" & N4 & "'!J17") -> #REF! | P22: =B22 -> HOPPER CAPACITY
P23: =B23
B24: SHOOT PRELOAD | D24: =INDIRECT("'" & D4 & "'!M21") | E24: =INDIRECT("'" & E4 & "'!M21") | F24: =INDIRECT("'" & F4 & "'!M21") -> #REF! | G24: =INDIRECT("'" & G4 & "'!M21") | H24: =INDIRECT("'" & H4 & "'!M21") -> #REF! | I24: =INDIRECT("'" & I4 & "'!M21") | J24: =INDIRECT("'" & J4 & "'!M21") -> #REF! | K24: =INDIRECT("'" & K4 & "'!M21") | ... O24: =INDIRECT("'" & O4 & "'!M21") | P24: =B24 -> SHOOT PRELOAD
P25: =B25
B26: CENTER AUTO | D26: =INDIRECT("'" & D4 & "'!M22") | E26: =INDIRECT("'" & E4 & "'!M22") | F26: =INDIRECT("'" & F4 & "'!M22") -> #REF! | G26: =INDIRECT("'" & G4 & "'!M22") | H26: =INDIRECT("'" & H4 & "'!M22") -> #REF! | I26: =INDIRECT("'" & I4 & "'!M22") | J26: =INDIRECT("'" & J4 & "'!M22") -> #REF! | K26: =INDIRECT("'" & K4 & "'!M22") | ... O26: =INDIRECT("'" & O4 & "'!M22") | P26: =B26 -> CENTER AUTO
P27: =B27
B28: # OF SWEEPS | D28: =INDIRECT("'" & D4 & "'!M23") | E28: =INDIRECT("'" & E4 & "'!M23") | F28: =INDIRECT("'" & F4 & "'!M23") -> #REF! | G28: =INDIRECT("'" & G4 & "'!M23") | H28: =INDIRECT("'" & H4 & "'!M23") -> #REF! | I28: =INDIRECT("'" & I4 & "'!M23") | J28: =INDIRECT("'" & J4 & "'!M23") -> #REF! | K28: =INDIRECT("'" & K4 & "'!M23") | ... O28: =INDIRECT("'" & O4 & "'!M23") | P28: =B28 -> # OF SWEEPS
P29: =B29
B30: DEPOT AUTO | D30: =INDIRECT("'" & D4 & "'!M24") | E30: =INDIRECT("'" & E4 & "'!M24") | F30: =INDIRECT("'" & F4 & "'!M24") -> #REF! | G30: =INDIRECT("'" & G4 & "'!M24") | H30: =INDIRECT("'" & H4 & "'!M24") -> #REF! | I30: =INDIRECT("'" & I4 & "'!M24") | J30: =INDIRECT("'" & J4 & "'!M24") -> #REF! | K30: =INDIRECT("'" & K4 & "'!M24") | ... O30: =INDIRECT("'" & O4 & "'!M24") | P30: =B30 -> DEPOT AUTO
P31: =B31
B32: OUTPOST AUTO | D32: =INDIRECT("'" & D4 & "'!M25") | E32: =INDIRECT("'" & E4 & "'!M25") | F32: =INDIRECT("'" & F4 & "'!M25") -> #REF! | G32: =INDIRECT("'" & G4 & "'!M25") | H32: =INDIRECT("'" & H4 & "'!M25") -> #REF! | I32: =INDIRECT("'" & I4 & "'!M25") | J32: =INDIRECT("'" & J4 & "'!M25") -> #REF! | K32: =INDIRECT("'" & K4 & "'!M25") | ... O32: =INDIRECT("'" & O4 & "'!M25") | P32: =B32 -> OUTPOST AUTO
P33: =B33
B34: ROBOT WEIGHT | D34: =INDIRECT("'" & D4 & "'!G5") -> SWERVE | E34: =INDIRECT("'" & E4 & "'!G5") | F34: =INDIRECT("'" & F4 & "'!G5") -> #REF! | G34: =INDIRECT("'" & G4 & "'!G5") | H34: =INDIRECT("'" & H4 & "'!G5") -> #REF! | I34: =INDIRECT("'" & I4 & "'!G5") | J34: =INDIRECT("'" & J4 & "'!G5") -> #REF! | K34: =INDIRECT("'" & K4 & "'!G5") | ... O34: =INDIRECT("'" & O4 & "'!G5") | P34: =B34 -> ROBOT WEIGHT
P35: =B35
B36: TEAM NUMBER | D36: =D4 -> 263 | E36: =E4 | F36: =F4 -> 10413 | G36: =G4 | H36: =H4 -> 1493 | I36: =I4 | J36: =J4 -> 578 | K36: =K4 | ... N36: =N4 -> 4930 | P36: =B36 -> TEAM NUMBER
E38: PREDICTED SCORE | H38: =SUM(D6:H6) -> #REF! | J38: =SUM(J6:N6) -> #REF! | K38: PREDICTED SCORE

Sheet QUAL 51
D2: BLUE 1 | F2: BLUE 2 | H2: BLUE 3 | J2: RED 1 | L2: RED 2 | N2: RED 3
B4: TEAM NUMBER | D4: 5881 | F4: 263 | H4: 1591 | J4: 870 | L4: 4122 | N4: 3044 | P4: TEAM NUMBER
B6: TOTAL EPA | D6: =INDIRECT("'" & D4 & "'!C4") -> #REF! | E6: =INDIRECT("'" & E4 & "'!C4") | F6: =INDIRECT("'" & F4 & "'!C4") -> 79.71 | G6: =INDIRECT("'" & G4 & "'!C4") | H6: =INDIRECT("'" & H4 & "'!C4") -> #REF! | I6: =INDIRECT("'" & I4 & "'!C4") | J6: =INDIRECT("'" & J4 & "'!C4") -> #REF! | K6: =INDIRECT("'" & K4 & "'!C4") | ... O6: =INDIRECT("'" & O4 & "'!C4") | P6: =B6 -> TOTAL EPA
P7: =B7
B8: AUTO EPA | D8: =INDIRECT("'" & D4 & "'!C6") -> #REF! | E8: =INDIRECT("'" & E4 & "'!C6") | F8: =INDIRECT("'" & F4 & "'!C6") -> 17.33 | G8: =INDIRECT("'" & G4 & "'!C6") | H8: =INDIRECT("'" & H4 & "'!C6") -> #REF! | I8: =INDIRECT("'" & I4 & "'!C6") | J8: =INDIRECT("'" & J4 & "'!C6") -> #REF! | K8: =INDIRECT("'" & K4 & "'!C6") | ... O8: =INDIRECT("'" & O4 & "'!C6") | P8: =B8 -> AUTO EPA
P9: =B9
B10: TELE-OP EPA | D10: =INDIRECT("'" & D4 & "'!C8") -> #REF! | E10: =INDIRECT("'" & E4 & "'!C8") | F10: =INDIRECT("'" & F4 & "'!C8") -> 41.46 | G10: =INDIRECT("'" & G4 & "'!C8") | H10: =INDIRECT("'" & H4 & "'!C8") -> #REF! | I10: =INDIRECT("'" & I4 & "'!C8") | J10: =INDIRECT("'" & J4 & "'!C8") -> #REF! | K10: =INDIRECT("'" & K4 & "'!C8") | ... O10: =INDIRECT("'" & O4 & "'!C8") | P10: =B10 -> TELE-OP EPA
P11: =B11
B12: ENDGAME EPA | D12: =INDIRECT("'" & D4 & "'!C10") -> #REF! | E12: =INDIRECT("'" & E4 & "'!C10") | F12: =INDIRECT("'" & F4 & "'!C10") -> 20.92 | G12: =INDIRECT("'" & G4 & "'!C10") | H12: =INDIRECT("'" & H4 & "'!C10") -> #REF! | I12: =INDIRECT("'" & I4 & "'!C10") | J12: =INDIRECT("'" & J4 & "'!C10") -> #REF! | K12: =INDIRECT("'" & K4 & "'!C10") | ... O12: =INDIRECT("'" & O4 & "'!C10") | P12: =B12 -> ENDGAME EPA
P13: =B13
B14: TRENCH? | D14: {=INDIRECT("'" & D4 & "'!J12")} -> #REF! | F14: {=INDIRECT("'" & F4 & "'!J12")} | H14: {=INDIRECT("'" & H4 & "'!J12")} -> #REF! | J14: {=INDIRECT("'" & J4 & "'!J12")} -> #REF! | L14: {=INDIRECT("'" & L4 & "'!J12")} -> #REF! | N14: {=INDIRECT("'" & N4 & "'!J12")} -> #REF! | P14: =B14 -> TRENCH?
P15: =B15
B16: DRIVE BASE | D16: =INDIRECT("'" & D4 & "'!J5") -> #REF! | E16: =INDIRECT("'" & E4 & "'!J5") | F16: =INDIRECT("'" & F4 & "'!J5") | G16: =INDIRECT("'" & G4 & "'!J5") | H16: =INDIRECT("'" & H4 & "'!J5") -> #REF! | I16: =INDIRECT("'" & I4 & "'!J5") | J16: =INDIRECT("'" & J4 & "'!J5") -> #REF! | K16: =INDIRECT("'" & K4 & "'!J5") | ... O16: =INDIRECT("'" & O4 & "'!J5") | P16: =B16 -> DRIVE BASE
P17: =B17
B18: SHOOTER STYLE | D18: =INDIRECT("'" & D4 & "'!M12") -> #REF! | E18: =INDIRECT("'" & E4 & "'!M12") | F18: =INDIRECT("'" & F4 & "'!M12") | G18: =INDIRECT("'" & G4 & "'!M12") | H18: =INDIRECT("'" & H4 & "'!M12") -> #REF! | I18: =INDIRECT("'" & I4 & "'!M12") | J18: =INDIRECT("'" & J4 & "'!M12") -> #REF! | K18: =INDIRECT("'" & K4 & "'!M12") | ... O18: =INDIRECT("'" & O4 & "'!M12") | P18: =B18 -> SHOOTER STYLE
P19: =B19
B20: # OF LANES | D20: =INDIRECT("'" & D4 & "'!M13") -> #REF! | E20: =INDIRECT("'" & E4 & "'!M13") | F20: =INDIRECT("'" & F4 & "'!M13") | G20: =INDIRECT("'" & G4 & "'!M13") | H20: =INDIRECT("'" & H4 & "'!M13") -> #REF! | I20: =INDIRECT("'" & I4 & "'!M13") | J20: =INDIRECT("'" & J4 & "'!M13") -> #REF! | K20: =INDIRECT("'" & K4 & "'!M13") | ... O20: =INDIRECT("'" & O4 & "'!M13") | P20: =B20 -> # OF LANES
P21: =B21
B22: HOPPER CAPACITY | D22: =INDIRECT("'" & D4 & "'!J17") -> #REF! | E22: =INDIRECT("'" & E4 & "'!J17") | F22: =INDIRECT("'" & F4 & "'!J17") | G22: =INDIRECT("'" & G4 & "'!J17") | H22: =INDIRECT("'" & H4 & "'!J17") -> #REF! | J22: =INDIRECT("'" & J4 & "'!J17") -> #REF! | K22: =INDIRECT("'" & K4 & "'!J17") | L22: =INDIRECT("'" & L4 & "'!J17") -> #REF! | M22: =INDIRECT("'" & M4 & "'!J17") | N22: =INDIRECT("'" & N4 & "'!J17") -> #REF! | P22: =B22 -> HOPPER CAPACITY
P23: =B23
B24: SHOOT PRELOAD | D24: =INDIRECT("'" & D4 & "'!M21") -> #REF! | E24: =INDIRECT("'" & E4 & "'!M21") | F24: =INDIRECT("'" & F4 & "'!M21") | G24: =INDIRECT("'" & G4 & "'!M21") | H24: =INDIRECT("'" & H4 & "'!M21") -> #REF! | I24: =INDIRECT("'" & I4 & "'!M21") | J24: =INDIRECT("'" & J4 & "'!M21") -> #REF! | K24: =INDIRECT("'" & K4 & "'!M21") | ... O24: =INDIRECT("'" & O4 & "'!M21") | P24: =B24 -> SHOOT PRELOAD
P25: =B25
B26: CENTER AUTO | D26: =INDIRECT("'" & D4 & "'!M22") -> #REF! | E26: =INDIRECT("'" & E4 & "'!M22") | F26: =INDIRECT("'" & F4 & "'!M22") | G26: =INDIRECT("'" & G4 & "'!M22") | H26: =INDIRECT("'" & H4 & "'!M22") -> #REF! | I26: =INDIRECT("'" & I4 & "'!M22") | J26: =INDIRECT("'" & J4 & "'!M22") -> #REF! | K26: =INDIRECT("'" & K4 & "'!M22") | ... O26: =INDIRECT("'" & O4 & "'!M22") | P26: =B26 -> CENTER AUTO
P27: =B27
B28: # OF SWEEPS | D28: =INDIRECT("'" & D4 & "'!M23") -> #REF! | E28: =INDIRECT("'" & E4 & "'!M23") | F28: =INDIRECT("'" & F4 & "'!M23") | G28: =INDIRECT("'" & G4 & "'!M23") | H28: =INDIRECT("'" & H4 & "'!M23") -> #REF! | I28: =INDIRECT("'" & I4 & "'!M23") | J28: =INDIRECT("'" & J4 & "'!M23") -> #REF! | K28: =INDIRECT("'" & K4 & "'!M23") | ... O28: =INDIRECT("'" & O4 & "'!M23") | P28: =B28 -> # OF SWEEPS
P29: =B29
B30: DEPOT AUTO | D30: =INDIRECT("'" & D4 & "'!M24") -> #REF! | E30: =INDIRECT("'" & E4 & "'!M24") | F30: =INDIRECT("'" & F4 & "'!M24") | G30: =INDIRECT("'" & G4 & "'!M24") | H30: =INDIRECT("'" & H4 & "'!M24") -> #REF! | I30: =INDIRECT("'" & I4 & "'!M24") | J30: =INDIRECT("'" & J4 & "'!M24") -> #REF! | K30: =INDIRECT("'" & K4 & "'!M24") | ... O30: =INDIRECT("'" & O4 & "'!M24") | P30: =B30 -> DEPOT AUTO
P31: =B31
B32: OUTPOST AUTO | D32: =INDIRECT("'" & D4 & "'!M25") -> #REF! | E32: =INDIRECT("'" & E4 & "'!M25") | F32: =INDIRECT("'" & F4 & "'!M25") | G32: =INDIRECT("'" & G4 & "'!M25") | H32: =INDIRECT("'" & H4 & "'!M25") -> #REF! | I32: =INDIRECT("'" & I4 & "'!M25") | J32: =INDIRECT("'" & J4 & "'!M25") -> #REF! | K32: =INDIRECT("'" & K4 & "'!M25") | ... O32: =INDIRECT("'" & O4 & "'!M25") | P32: =B32 -> OUTPOST AUTO
P33: =B33
B34: ROBOT WEIGHT | D34: =INDIRECT("'" & D4 & "'!G5") -> #REF! | E34: =INDIRECT("'" & E4 & "'!G5") | F34: =INDIRECT("'" & F4 & "'!G5") -> SWERVE | G34: =INDIRECT("'" & G4 & "'!G5") | H34: =INDIRECT("'" & H4 & "'!G5") -> #REF! | I34: =INDIRECT("'" & I4 & "'!G5") | J34: =INDIRECT("'" & J4 & "'!G5") -> #REF! | K34: =INDIRECT("'" & K4 & "'!G5") | ... O34: =INDIRECT("'" & O4 & "'!G5") | P34: =B34 -> ROBOT WEIGHT
P35: =B35
B36: TEAM NUMBER | D36: =D4 -> 5881 | E36: =E4 | F36: =F4 -> 263 | G36: =G4 | H36: =H4 -> 1591 | I36: =I4 | J36: =J4 -> 870 | K36: =K4 | ... N36: =N4 -> 3044 | P36: =B36 -> TEAM NUMBER
E38: PREDICTED SCORE | H38: =SUM(D6:H6) -> #REF! | J38: =SUM(J6:N6) -> #REF! | K38: PREDICTED SCORE

Sheet QUAL 61
D2: BLUE 1 | F2: BLUE 2 | H2: BLUE 3 | J2: RED 1 | L2: RED 2 | N2: RED 3
B4: TEAM NUMBER | D4: 20 | F4: 263 | H4: 3044 | J4: 10604 | L4: 2053 | N4: 6621 | P4: TEAM NUMBER
B6: TOTAL EPA | D6: =INDIRECT("'" & D4 & "'!C4") -> #REF! | E6: =INDIRECT("'" & E4 & "'!C4") | F6: =INDIRECT("'" & F4 & "'!C4") -> 79.71 | G6: =INDIRECT("'" & G4 & "'!C4") | H6: =INDIRECT("'" & H4 & "'!C4") -> #REF! | I6: =INDIRECT("'" & I4 & "'!C4") | J6: =INDIRECT("'" & J4 & "'!C4") -> #REF! | K6: =INDIRECT("'" & K4 & "'!C4") | ... O6: =INDIRECT("'" & O4 & "'!C4") | P6: =B6 -> TOTAL EPA
P7: =B7
B8: AUTO EPA | D8: =INDIRECT("'" & D4 & "'!C6") -> #REF! | E8: =INDIRECT("'" & E4 & "'!C6") | F8: =INDIRECT("'" & F4 & "'!C6") -> 17.33 | G8: =INDIRECT("'" & G4 & "'!C6") | H8: =INDIRECT("'" & H4 & "'!C6") -> #REF! | I8: =INDIRECT("'" & I4 & "'!C6") | J8: =INDIRECT("'" & J4 & "'!C6") -> #REF! | K8: =INDIRECT("'" & K4 & "'!C6") | ... O8: =INDIRECT("'" & O4 & "'!C6") | P8: =B8 -> AUTO EPA
P9: =B9
B10: TELE-OP EPA | D10: =INDIRECT("'" & D4 & "'!C8") -> #REF! | E10: =INDIRECT("'" & E4 & "'!C8") | F10: =INDIRECT("'" & F4 & "'!C8") -> 41.46 | G10: =INDIRECT("'" & G4 & "'!C8") | H10: =INDIRECT("'" & H4 & "'!C8") -> #REF! | I10: =INDIRECT("'" & I4 & "'!C8") | J10: =INDIRECT("'" & J4 & "'!C8") -> #REF! | K10: =INDIRECT("'" & K4 & "'!C8") | ... O10: =INDIRECT("'" & O4 & "'!C8") | P10: =B10 -> TELE-OP EPA
P11: =B11
B12: ENDGAME EPA | D12: =INDIRECT("'" & D4 & "'!C10") -> #REF! | E12: =INDIRECT("'" & E4 & "'!C10") | F12: =INDIRECT("'" & F4 & "'!C10") -> 20.92 | G12: =INDIRECT("'" & G4 & "'!C10") | H12: =INDIRECT("'" & H4 & "'!C10") -> #REF! | I12: =INDIRECT("'" & I4 & "'!C10") | J12: =INDIRECT("'" & J4 & "'!C10") -> #REF! | K12: =INDIRECT("'" & K4 & "'!C10") | ... O12: =INDIRECT("'" & O4 & "'!C10") | P12: =B12 -> ENDGAME EPA
P13: =B13
B14: TRENCH? | D14: {=INDIRECT("'" & D4 & "'!J12")} -> #REF! | F14: {=INDIRECT("'" & F4 & "'!J12")} | H14: {=INDIRECT("'" & H4 & "'!J12")} -> #REF! | J14: {=INDIRECT("'" & J4 & "'!J12")} -> #REF! | L14: {=INDIRECT("'" & L4 & "'!J12")} -> #REF! | N14: {=INDIRECT("'" & N4 & "'!J12")} -> #REF! | P14: =B14 -> TRENCH?
P15: =B15
B16: DRIVE BASE | D16: =INDIRECT("'" & D4 & "'!J5") -> #REF! | E16: =INDIRECT("'" & E4 & "'!J5") | F16: =INDIRECT("'" & F4 & "'!J5") | G16: =INDIRECT("'" & G4 & "'!J5") | H16: =INDIRECT("'" & H4 & "'!J5") -> #REF! | I16: =INDIRECT("'" & I4 & "'!J5") | J16: =INDIRECT("'" & J4 & "'!J5") -> #REF! | K16: =INDIRECT("'" & K4 & "'!J5") | ... O16: =INDIRECT("'" & O4 & "'!J5") | P16: =B16 -> DRIVE BASE
P17: =B17
B18: SHOOTER STYLE | D18: =INDIRECT("'" & D4 & "'!M12") -> #REF! | E18: =INDIRECT("'" & E4 & "'!M12") | F18: =INDIRECT("'" & F4 & "'!M12") | G18: =INDIRECT("'" & G4 & "'!M12") | H18: =INDIRECT("'" & H4 & "'!M12") -> #REF! | I18: =INDIRECT("'" & I4 & "'!M12") | J18: =INDIRECT("'" & J4 & "'!M12") -> #REF! | K18: =INDIRECT("'" & K4 & "'!M12") | ... O18: =INDIRECT("'" & O4 & "'!M12") | P18: =B18 -> SHOOTER STYLE
P19: =B19
B20: # OF LANES | D20: =INDIRECT("'" & D4 & "'!M13") -> #REF! | E20: =INDIRECT("'" & E4 & "'!M13") | F20: =INDIRECT("'" & F4 & "'!M13") | G20: =INDIRECT("'" & G4 & "'!M13") | H20: =INDIRECT("'" & H4 & "'!M13") -> #REF! | I20: =INDIRECT("'" & I4 & "'!M13") | J20: =INDIRECT("'" & J4 & "'!M13") -> #REF! | K20: =INDIRECT("'" & K4 & "'!M13") | ... O20: =INDIRECT("'" & O4 & "'!M13") | P20: =B20 -> # OF LANES
P21: =B21
B22: HOPPER CAPACITY | D22: =INDIRECT("'" & D4 & "'!J17") -> #REF! | E22: =INDIRECT("'" & E4 & "'!J17") | F22: =INDIRECT("'" & F4 & "'!J17") | G22: =INDIRECT("'" & G4 & "'!J17") | H22: =INDIRECT("'" & H4 & "'!J17") -> #REF! | J22: =INDIRECT("'" & J4 & "'!J17") -> #REF! | K22: =INDIRECT("'" & K4 & "'!J17") | L22: =INDIRECT("'" & L4 & "'!J17") -> #REF! | M22: =INDIRECT("'" & M4 & "'!J17") | N22: =INDIRECT("'" & N4 & "'!J17") -> #REF! | P22: =B22 -> HOPPER CAPACITY
P23: =B23
B24: SHOOT PRELOAD | D24: =INDIRECT("'" & D4 & "'!M21") -> #REF! | E24: =INDIRECT("'" & E4 & "'!M21") | F24: =INDIRECT("'" & F4 & "'!M21") | G24: =INDIRECT("'" & G4 & "'!M21") | H24: =INDIRECT("'" & H4 & "'!M21") -> #REF! | I24: =INDIRECT("'" & I4 & "'!M21") | J24: =INDIRECT("'" & J4 & "'!M21") -> #REF! | K24: =INDIRECT("'" & K4 & "'!M21") | ... O24: =INDIRECT("'" & O4 & "'!M21") | P24: =B24 -> SHOOT PRELOAD
P25: =B25
B26: CENTER AUTO | D26: =INDIRECT("'" & D4 & "'!M22") -> #REF! | E26: =INDIRECT("'" & E4 & "'!M22") | F26: =INDIRECT("'" & F4 & "'!M22") | G26: =INDIRECT("'" & G4 & "'!M22") | H26: =INDIRECT("'" & H4 & "'!M22") -> #REF! | I26: =INDIRECT("'" & I4 & "'!M22") | J26: =INDIRECT("'" & J4 & "'!M22") -> #REF! | K26: =INDIRECT("'" & K4 & "'!M22") | ... O26: =INDIRECT("'" & O4 & "'!M22") | P26: =B26 -> CENTER AUTO
P27: =B27
B28: # OF SWEEPS | D28: =INDIRECT("'" & D4 & "'!M23") -> #REF! | E28: =INDIRECT("'" & E4 & "'!M23") | F28: =INDIRECT("'" & F4 & "'!M23") | G28: =INDIRECT("'" & G4 & "'!M23") | H28: =INDIRECT("'" & H4 & "'!M23") -> #REF! | I28: =INDIRECT("'" & I4 & "'!M23") | J28: =INDIRECT("'" & J4 & "'!M23") -> #REF! | K28: =INDIRECT("'" & K4 & "'!M23") | ... O28: =INDIRECT("'" & O4 & "'!M23") | P28: =B28 -> # OF SWEEPS
P29: =B29
B30: DEPOT AUTO | D30: =INDIRECT("'" & D4 & "'!M24") -> #REF! | E30: =INDIRECT("'" & E4 & "'!M24") | F30: =INDIRECT("'" & F4 & "'!M24") | G30: =INDIRECT("'" & G4 & "'!M24") | H30: =INDIRECT("'" & H4 & "'!M24") -> #REF! | I30: =INDIRECT("'" & I4 & "'!M24") | J30: =INDIRECT("'" & J4 & "'!M24") -> #REF! | K30: =INDIRECT("'" & K4 & "'!M24") | ... O30: =INDIRECT("'" & O4 & "'!M24") | P30: =B30 -> DEPOT AUTO
P31: =B31
B32: OUTPOST AUTO | D32: =INDIRECT("'" & D4 & "'!M25") -> #REF! | E32: =INDIRECT("'" & E4 & "'!M25") | F32: =INDIRECT("'" & F4 & "'!M25") | G32: =INDIRECT("'" & G4 & "'!M25") | H32: =INDIRECT("'" & H4 & "'!M25") -> #REF! | I32: =INDIRECT("'" & I4 & "'!M25") | J32: =INDIRECT("'" & J4 & "'!M25") -> #REF! | K32: =INDIRECT("'" & K4 & "'!M25") | ... O32: =INDIRECT("'" & O4 & "'!M25") | P32: =B32 -> OUTPOST AUTO
P33: =B33
B34: ROBOT WEIGHT | D34: =INDIRECT("'" & D4 & "'!G5") -> #REF! | E34: =INDIRECT("'" & E4 & "'!G5") | F34: =INDIRECT("'" & F4 & "'!G5") -> SWERVE | G34: =INDIRECT("'" & G4 & "'!G5") | H34: =INDIRECT("'" & H4 & "'!G5") -> #REF! | I34: =INDIRECT("'" & I4 & "'!G5") | J34: =INDIRECT("'" & J4 & "'!G5") -> #REF! | K34: =INDIRECT("'" & K4 & "'!G5") | ... O34: =INDIRECT("'" & O4 & "'!G5") | P34: =B34 -> ROBOT WEIGHT
P35: =B35
B36: TEAM NUMBER | D36: =D4 -> 20 | E36: =E4 | F36: =F4 -> 263 | G36: =G4 | H36: =H4 -> 3044 | I36: =I4 | J36: =J4 -> 10604 | K36: =K4 | ... N36: =N4 -> 6621 | P36: =B36 -> TEAM NUMBER
E38: PREDICTED SCORE | H38: =SUM(D6:H6) -> #REF! | J38: =SUM(J6:N6) -> #REF! | K38: PREDICTED SCORE

Sheet ALLIANCES
A3: 1 | C3: ALLIANCE 1 | K3: ALLIANCE 8
A4: 2 | C4: TEAM # | D4: TOTAL EPA | E4: AUTO EPA | F4: TELE EPA | G4: END EPA | H4: SHOOTER TYPE | I4: TRENCH | K4: TEAM # | L4: TOTAL EPA | M4: AUTO EPA | N4: TELE EPA | O4: END EPA | P4: SHOOTER TYPE | Q4: TRENCH
A5: 3 | D5: {=IFERROR(INDEX(Data!$B:$B, MATCH(C5, Data!$A:$A, 0)), "")} | E5: {=IFERROR(INDEX(Data!C:C, MATCH($C5, Data!$A:$A, 0)), "")} | F5: {=IFERROR(INDEX(Data!D:D, MATCH($C5, Data!$A:$A, 0)), "")} | G5: {=IFERROR(INDEX(Data!E:E, MATCH($C5, Data!$A:$A, 0)), "")} | H5: =INDIRECT("'"&C5&"'!M12") -> AUTO EPA | I5: =INDIRECT("'"&C5&"'!j12") | L5: {=IFERROR(INDEX(Data!$B:$B, MATCH(K5, Data!$A:$A, 0)), "")} | M5: {=IFERROR(INDEX(Data!K:K, MATCH($C5, Data!$A:$A, 0)), "")} | N5: {=IFERROR(INDEX(Data!L:L, MATCH($C5, Data!$A:$A, 0)), "")} | O5: {=IFERROR(INDEX(Data!M:M, MATCH($C5, Data!$A:$A, 0)), "")} | P5: =INDIRECT("'"&K5&"'!M12") -> AUTO EPA | Q5: =INDIRECT("'"&K5&"'!j12")
A6: 4 | D6: {=IFERROR(INDEX(Data!$B:$B, MATCH(C6, Data!$A:$A, 0)), "")} | E6: {=IFERROR(INDEX(Data!C:C, MATCH($C6, Data!$A:$A, 0)), "")} | F6: {=IFERROR(INDEX(Data!D:D, MATCH($C6, Data!$A:$A, 0)), "")} | G6: {=IFERROR(INDEX(Data!E:E, MATCH($C6, Data!$A:$A, 0)), "")} | H6: =INDIRECT("'"&C6&"'!M12") -> AUTO EPA | I6: =INDIRECT("'"&C6&"'!j12") | L6: {=IFERROR(INDEX(Data!$B:$B, MATCH(K6, Data!$A:$A, 0)), "")} | M6: {=IFERROR(INDEX(Data!K:K, MATCH($C6, Data!$A:$A, 0)), "")} | N6: {=IFERROR(INDEX(Data!L:L, MATCH($C6, Data!$A:$A, 0)), "")} | O6: {=IFERROR(INDEX(Data!M:M, MATCH($C6, Data!$A:$A, 0)), "")} | P6: =INDIRECT("'"&K6&"'!M12") -> AUTO EPA | Q6: =INDIRECT("'"&K6&"'!j12")
A7: 5 | D7: {=IFERROR(INDEX(Data!$B:$B, MATCH(C7, Data!$A:$A, 0)), "")} | E7: {=IFERROR(INDEX(Data!C:C, MATCH($C7, Data!$A:$A, 0)), "")} | F7: {=IFERROR(INDEX(Data!D:D, MATCH($C7, Data!$A:$A, 0)), "")} | G7: {=IFERROR(INDEX(Data!E:E, MATCH($C7, Data!$A:$A, 0)), "")} | H7: =INDIRECT("'"&C7&"'!M12") -> AUTO EPA | I7: =INDIRECT("'"&C7&"'!j12") | L7: {=IFERROR(INDEX(Data!$B:$B, MATCH(K7, Data!$A:$A, 0)), "")} | M7: {=IFERROR(INDEX(Data!K:K, MATCH($C7, Data!$A:$A, 0)), "")} | N7: {=IFERROR(INDEX(Data!L:L, MATCH($C7, Data!$A:$A, 0)), "")} | O7: {=IFERROR(INDEX(Data!M:M, MATCH($C7, Data!$A:$A, 0)), "")} | P7: =INDIRECT("'"&K7&"'!M12") -> AUTO EPA | Q7: =INDIRECT("'"&K7&"'!j12")
A8: 6
A9: 7 | F9: TOTAL EPA = | G9: =SUM(D5:D7) -> 0 | N9: TOTAL EPA = | O9: =SUM(L5:L7) -> 0
A10: 8
A11: 9 | C11: ALLIANCE 2 | K11: ALLIANCE 7
A12: 10 | C12: TEAM # | D12: TOTAL EPA | E12: AUTO EPA | F12: TELE EPA | G12: END EPA | H12: SHOOTER TYPE | I12: TRENCH | K12: TEAM # | L12: TOTAL EPA | M12: AUTO EPA | N12: TELE EPA | O12: END EPA | P12: SHOOTER TYPE | Q12: TRENCH
A13: 11 | D13: {=IFERROR(INDEX(Data!$B:$B, MATCH(C13, Data!$A:$A, 0)), "")} | E13: {=IFERROR(INDEX(Data!C:C, MATCH($C13, Data!$A:$A, 0)), "")} | F13: {=IFERROR(INDEX(Data!D:D, MATCH($C13, Data!$A:$A, 0)), "")} | G13: {=IFERROR(INDEX(Data!E:E, MATCH($C13, Data!$A:$A, 0)), "")} | H13: =INDIRECT("'"&C13&"'!M12") -> AUTO EPA | I13: =INDIRECT("'"&C13&"'!j12") | L13: {=IFERROR(INDEX(Data!$B:$B, MATCH(K13, Data!$A:$A, 0)), "")} | M13: {=IFERROR(INDEX(Data!K:K, MATCH($C13, Data!$A:$A, 0)), "")} | N13: {=IFERROR(INDEX(Data!L:L, MATCH($C13, Data!$A:$A, 0)), "")} | O13: {=IFERROR(INDEX(Data!M:M, MATCH($C13, Data!$A:$A, 0)), "")} | P13: =INDIRECT("'"&K13&"'!M12") -> AUTO EPA | Q13: =INDIRECT("'"&K13&"'!j12")
A14: 12 | D14: {=IFERROR(INDEX(Data!$B:$B, MATCH(C14, Data!$A:$A, 0)), "")} | E14: {=IFERROR(INDEX(Data!C:C, MATCH($C14, Data!$A:$A, 0)), "")} | F14: {=IFERROR(INDEX(Data!D:D, MATCH($C14, Data!$A:$A, 0)), "")} | G14: {=IFERROR(INDEX(Data!E:E, MATCH($C14, Data!$A:$A, 0)), "")} | H14: =INDIRECT("'"&C14&"'!M12") -> AUTO EPA | I14: =INDIRECT("'"&C14&"'!j12") | L14: {=IFERROR(INDEX(Data!$B:$B, MATCH(K14, Data!$A:$A, 0)), "")} | M14: {=IFERROR(INDEX(Data!K:K, MATCH($C14, Data!$A:$A, 0)), "")} | N14: {=IFERROR(INDEX(Data!L:L, MATCH($C14, Data!$A:$A, 0)), "")} | O14: {=IFERROR(INDEX(Data!M:M, MATCH($C14, Data!$A:$A, 0)), "")} | P14: =INDIRECT("'"&K14&"'!M12") -> AUTO EPA | Q14: =INDIRECT("'"&K14&"'!j12")
A15: 13 | D15: {=IFERROR(INDEX(Data!$B:$B, MATCH(C15, Data!$A:$A, 0)), "")} | E15: {=IFERROR(INDEX(Data!C:C, MATCH($C15, Data!$A:$A, 0)), "")} | F15: {=IFERROR(INDEX(Data!D:D, MATCH($C15, Data!$A:$A, 0)), "")} | G15: {=IFERROR(INDEX(Data!E:E, MATCH($C15, Data!$A:$A, 0)), "")} | H15: =INDIRECT("'"&C15&"'!M12") -> AUTO EPA | I15: =INDIRECT("'"&C15&"'!j12") | L15: {=IFERROR(INDEX(Data!$B:$B, MATCH(K15, Data!$A:$A, 0)), "")} | M15: {=IFERROR(INDEX(Data!K:K, MATCH($C15, Data!$A:$A, 0)), "")} | N15: {=IFERROR(INDEX(Data!L:L, MATCH($C15, Data!$A:$A, 0)), "")} | O15: {=IFERROR(INDEX(Data!M:M, MATCH($C15, Data!$A:$A, 0)), "")} | P15: =INDIRECT("'"&K15&"'!M12") -> AUTO EPA | Q15: =INDIRECT("'"&K15&"'!j12")
A16: 14
A17: 15 | F17: TOTAL EPA = | G17: =SUM(D13:D15) -> 0 | N17: TOTAL EPA = | O17: =SUM(L13:L15) -> 0
A18: 16
A19: 17 | C19: ALLIANCE 3 | K19: ALLIANCE 6
A20: 18 | C20: TEAM # | D20: TOTAL EPA | E20: AUTO EPA | F20: TELE EPA | G20: END EPA | H20: SHOOTER TYPE | I20: TRENCH | K20: TEAM # | L20: TOTAL EPA | M20: AUTO EPA | N20: TELE EPA | O20: END EPA | P20: SHOOTER TYPE | Q20: TRENCH
A21: 19 | D21: {=IFERROR(INDEX(Data!$B:$B, MATCH(C21, Data!$A:$A, 0)), "")} | E21: {=IFERROR(INDEX(Data!C:C, MATCH($C21, Data!$A:$A, 0)), "")} | F21: {=IFERROR(INDEX(Data!D:D, MATCH($C21, Data!$A:$A, 0)), "")} | G21: {=IFERROR(INDEX(Data!E:E, MATCH($C21, Data!$A:$A, 0)), "")} | H21: =INDIRECT("'"&C21&"'!M12") -> AUTO EPA | I21: =INDIRECT("'"&C21&"'!j12") | L21: {=IFERROR(INDEX(Data!$B:$B, MATCH(K21, Data!$A:$A, 0)), "")} | M21: {=IFERROR(INDEX(Data!K:K, MATCH($C21, Data!$A:$A, 0)), "")} | N21: {=IFERROR(INDEX(Data!L:L, MATCH($C21, Data!$A:$A, 0)), "")} | O21: {=IFERROR(INDEX(Data!M:M, MATCH($C21, Data!$A:$A, 0)), "")} | P21: =INDIRECT("'"&K21&"'!M12") -> AUTO EPA | Q21: =INDIRECT("'"&K21&"'!j12")
A22: 20 | D22: {=IFERROR(INDEX(Data!$B:$B, MATCH(C22, Data!$A:$A, 0)), "")} | E22: {=IFERROR(INDEX(Data!C:C, MATCH($C22, Data!$A:$A, 0)), "")} | F22: {=IFERROR(INDEX(Data!D:D, MATCH($C22, Data!$A:$A, 0)), "")} | G22: {=IFERROR(INDEX(Data!E:E, MATCH($C22, Data!$A:$A, 0)), "")} | H22: =INDIRECT("'"&C22&"'!M12") -> AUTO EPA | I22: =INDIRECT("'"&C22&"'!j12") | L22: {=IFERROR(INDEX(Data!$B:$B, MATCH(K22, Data!$A:$A, 0)), "")} | M22: {=IFERROR(INDEX(Data!K:K, MATCH($C22, Data!$A:$A, 0)), "")} | N22: {=IFERROR(INDEX(Data!L:L, MATCH($C22, Data!$A:$A, 0)), "")} | O22: {=IFERROR(INDEX(Data!M:M, MATCH($C22, Data!$A:$A, 0)), "")} | P22: =INDIRECT("'"&K22&"'!M12") -> AUTO EPA | Q22: =INDIRECT("'"&K22&"'!j12")
A23: 21 | D23: {=IFERROR(INDEX(Data!$B:$B, MATCH(C23, Data!$A:$A, 0)), "")} | E23: {=IFERROR(INDEX(Data!C:C, MATCH($C23, Data!$A:$A, 0)), "")} | F23: {=IFERROR(INDEX(Data!D:D, MATCH($C23, Data!$A:$A, 0)), "")} | G23: {=IFERROR(INDEX(Data!E:E, MATCH($C23, Data!$A:$A, 0)), "")} | H23: =INDIRECT("'"&C23&"'!M12") -> AUTO EPA | I23: =INDIRECT("'"&C23&"'!j12") | L23: {=IFERROR(INDEX(Data!$B:$B, MATCH(K23, Data!$A:$A, 0)), "")} | M23: {=IFERROR(INDEX(Data!K:K, MATCH($C23, Data!$A:$A, 0)), "")} | N23: {=IFERROR(INDEX(Data!L:L, MATCH($C23, Data!$A:$A, 0)), "")} | O23: {=IFERROR(INDEX(Data!M:M, MATCH($C23, Data!$A:$A, 0)), "")} | P23: =INDIRECT("'"&K23&"'!M12") -> AUTO EPA | Q23: =INDIRECT("'"&K23&"'!j12")
A24: 22
A25: 23 | F25: TOTAL EPA = | G25: =SUM(D21:D23) -> 0 | N25: TOTAL EPA = | O25: =SUM(L21:L23) -> 0
A26: 24
A27: 25 | C27: ALLIANCE 4 | K27: ALLIANCE 5
A28: 26 | C28: TEAM # | D28: TOTAL EPA | E28: AUTO EPA | F28: TELE EPA | G28: END EPA | H28: SHOOTER TYPE | I28: TRENCH | K28: TEAM # | L28: TOTAL EPA | M28: AUTO EPA | N28: TELE EPA | O28: END EPA | P28: SHOOTER TYPE | Q28: TRENCH
A29: 27 | D29: {=IFERROR(INDEX(Data!$B:$B, MATCH(C29, Data!$A:$A, 0)), "")} | E29: {=IFERROR(INDEX(Data!C:C, MATCH($C29, Data!$A:$A, 0)), "")} | F29: {=IFERROR(INDEX(Data!D:D, MATCH($C29, Data!$A:$A, 0)), "")} | G29: {=IFERROR(INDEX(Data!E:E, MATCH($C29, Data!$A:$A, 0)), "")} | H29: =INDIRECT("'"&C29&"'!M12") -> AUTO EPA | I29: =INDIRECT("'"&C29&"'!j12") | L29: {=IFERROR(INDEX(Data!$B:$B, MATCH(K29, Data!$A:$A, 0)), "")} | M29: {=IFERROR(INDEX(Data!K:K, MATCH($C29, Data!$A:$A, 0)), "")} | N29: {=IFERROR(INDEX(Data!L:L, MATCH($C29, Data!$A:$A, 0)), "")} | O29: {=IFERROR(INDEX(Data!M:M, MATCH($C29, Data!$A:$A, 0)), "")} | P29: =INDIRECT("'"&K29&"'!M12") -> AUTO EPA | Q29: =INDIRECT("'"&K29&"'!j12")
A30: 28 | D30: {=IFERROR(INDEX(Data!$B:$B, MATCH(C30, Data!$A:$A, 0)), "")} | E30: {=IFERROR(INDEX(Data!C:C, MATCH($C30, Data!$A:$A, 0)), "")} | F30: {=IFERROR(INDEX(Data!D:D, MATCH($C30, Data!$A:$A, 0)), "")} | G30: {=IFERROR(INDEX(Data!E:E, MATCH($C30, Data!$A:$A, 0)), "")} | H30: =INDIRECT("'"&C30&"'!M12") -> AUTO EPA | I30: =INDIRECT("'"&C30&"'!j12") | L30: {=IFERROR(INDEX(Data!$B:$B, MATCH(K30, Data!$A:$A, 0)), "")} | M30: {=IFERROR(INDEX(Data!K:K, MATCH($C30, Data!$A:$A, 0)), "")} | N30: {=IFERROR(INDEX(Data!L:L, MATCH($C30, Data!$A:$A, 0)), "")} | O30: {=IFERROR(INDEX(Data!M:M, MATCH($C30, Data!$A:$A, 0)), "")} | P30: =INDIRECT("'"&K30&"'!M12") -> AUTO EPA | Q30: =INDIRECT("'"&K30&"'!j12")
A31: 29 | D31: {=IFERROR(INDEX(Data!$B:$B, MATCH(C31, Data!$A:$A, 0)), "")} | E31: {=IFERROR(INDEX(Data!C:C, MATCH($C31, Data!$A:$A, 0)), "")} | F31: {=IFERROR(INDEX(Data!D:D, MATCH($C31, Data!$A:$A, 0)), "")} | G31: {=IFERROR(INDEX(Data!E:E, MATCH($C31, Data!$A:$A, 0)), "")} | H31: =INDIRECT("'"&C31&"'!M12") -> AUTO EPA | I31: =INDIRECT("'"&C31&"'!j12") | L31: {=IFERROR(INDEX(Data!$B:$B, MATCH(K31, Data!$A:$A, 0)), "")} | M31: {=IFERROR(INDEX(Data!K:K, MATCH($C31, Data!$A:$A, 0)), "")} | N31: {=IFERROR(INDEX(Data!L:L, MATCH($C31, Data!$A:$A, 0)), "")} | O31: {=IFERROR(INDEX(Data!M:M, MATCH($C31, Data!$A:$A, 0)), "")} | P31: =INDIRECT("'"&K31&"'!M12") -> AUTO EPA | Q31: =INDIRECT("'"&K31&"'!j12")
A32: 30
A33: 31 | F33: TOTAL EPA = | G33: =SUM(D29:D31) -> 0 | N33: TOTAL EPA = | O33: =SUM(L29:L31) -> 0
A34: 32
A35: 33 | G35: ALLIANCES RANKED BY POWER
A36: 34 | G36: 1 | H36: =IFERROR(INDEX($L$36:$L$43, MATCH(I36, $M$36:$M$43, 0)), "") -> ALLIANCE 1 | I36: =LARGE($M$36:$M$43,1) -> 0 | L36: ALLIANCE 1 | M36: =G9 -> 0
A37: 35 | G37: 2 | H37: =IFERROR(INDEX($L$36:$L$43, MATCH(I37, $M$36:$M$43, 0)), "") -> ALLIANCE 1 | I37: =LARGE($M$36:$M$43,2) -> 0 | L37: ALLIANCE 2 | M37: =G17 -> 0
A38: 36 | G38: 3 | H38: =IFERROR(INDEX($L$36:$L$43, MATCH(I38, $M$36:$M$43, 0)), "") -> ALLIANCE 1 | I38: =LARGE($M$36:$M$43,3) -> 0 | L38: ALLIANCE 3 | M38: =G25 -> 0
A39: 37 | G39: 4 | H39: =IFERROR(INDEX($L$36:$L$43, MATCH(I39, $M$36:$M$43, 0)), "") -> ALLIANCE 1 | I39: =LARGE($M$36:$M$43,4) -> 0 | L39: ALLIANCE 4 | M39: =G33 -> 0
A40: 38 | G40: 5 | H40: =IFERROR(INDEX($L$36:$L$43, MATCH(I40, $M$36:$M$43, 0)), "") -> ALLIANCE 1 | I40: =LARGE($M$36:$M$43,5) -> 0 | L40: ALLIANCE 5 | M40: =O33 -> 0
A41: 39 | G41: 6 | H41: =IFERROR(INDEX($L$36:$L$43, MATCH(I41, $M$36:$M$43, 0)), "") -> ALLIANCE 1 | I41: =LARGE($M$36:$M$43,6) -> 0 | L41: ALLIANCE 6 | M41: =O25 -> 0
A42: 40 | G42: 7 | H42: =IFERROR(INDEX($L$36:$L$43, MATCH(I42, $M$36:$M$43, 0)), "") -> ALLIANCE 1 | I42: =LARGE($M$36:$M$43,7) -> 0 | L42: ALLIANCE 7 | M42: =O17 -> 0
A43: 41 | G43: 8 | H43: =IFERROR(INDEX($L$36:$L$43, MATCH(I43, $M$36:$M$43, 0)), "") -> ALLIANCE 1 | I43: =LARGE($M$36:$M$43,8) -> 0 | L43: ALLIANCE 8 | M43: =O9 -> 0
A44: 42
A45: 43
A46: 44
A47: 45
A48: 46
A49: 47
A50: 48
A51: 49
A52: 50
A53: 51
A54: 52
A55: 53
... A62: 60

Sheet EXPECTEDALLIANCES
A3: 1 | C3: ALLIANCE 1 | K3: ALLIANCE 8
A4: 2 | C4: TEAM # | D4: TOTAL EPA | E4: AUTO EPA | F4: TELE EPA | G4: END EPA | H4: SHOOTER TYPE | I4: TRENCH | K4: TEAM # | L4: TOTAL EPA | M4: AUTO EPA | N4: TELE EPA | O4: END EPA | P4: SHOOTER TYPE | Q4: TRENCH
A5: 3 | C5: ='RANK BY EPA'!D3 -> 5736 | D5: {=IFERROR(INDEX(Data!$B:$B, MATCH(C$5, Data!$A:$A, 0)), "")} -> 225.59 | E5: {=IFERROR(INDEX(Data!C:C, MATCH($C5, Data!$A:$A, 0)), "")} -> 63.46 | F5: {=IFERROR(INDEX(Data!D:D, MATCH($C5, Data!$A:$A, 0)), "")} -> 116.46 | G5: {=IFERROR(INDEX(Data!E:E, MATCH($C5, Data!$A:$A, 0)), "")} -> 45.66 | H5: =INDIRECT("'"&C5&"'!M12") -> #REF! | I5: =INDIRECT("'"&C5&"'!j12") -> #REF! | K5: ='RANK BY EPA'!D17 -> 11030 | L5: {=IFERROR(INDEX(Data!$B:$B, MATCH(K5, Data!$A:$A, 0)), "")} -> 46.81 | M5: {=IFERROR(INDEX(Data!$B:$B, MATCH(L5, Data!$A:$A, 0)), "")} | N5: {=IFERROR(INDEX(Data!$B:$B, MATCH(M5, Data!$A:$A, 0)), "")} | O5: {=IFERROR(INDEX(Data!$B:$B, MATCH(N5, Data!$A:$A, 0)), "")} | P5: =INDIRECT("'"&K5&"'!M12") -> #REF! | Q5: =INDIRECT("'"&K5&"'!j12") -> #REF!
A6: 4 | C6: ='RANK BY EPA'!D4 -> 870 | D6: {=IFERROR(INDEX(Data!B:B, MATCH($C6, Data!$A:$A, 0)), "")} -> 174.74 | E6: {=IFERROR(INDEX(Data!C:C, MATCH($C6, Data!$A:$A, 0)), "")} -> 46.69 | F6: {=IFERROR(INDEX(Data!D:D, MATCH($C6, Data!$A:$A, 0)), "")} -> 94.46 | G6: {=IFERROR(INDEX(Data!E:E, MATCH($C6, Data!$A:$A, 0)), "")} -> 33.59 | H6: =INDIRECT("'"&C6&"'!M12") -> #REF! | I6: =INDIRECT("'"&C6&"'!j12") -> #REF! | K6: ='RANK BY EPA'!D18 -> 496 | L6: {=IFERROR(INDEX(Data!$B:$B, MATCH(K6, Data!$A:$A, 0)), "")} -> 46.7 | M6: {=IFERROR(INDEX(Data!$B:$B, MATCH(L6, Data!$A:$A, 0)), "")} | N6: {=IFERROR(INDEX(Data!$B:$B, MATCH(M6, Data!$A:$A, 0)), "")} | O6: {=IFERROR(INDEX(Data!$B:$B, MATCH(N6, Data!$A:$A, 0)), "")} | P6: =INDIRECT("'"&K6&"'!M12") -> #REF! | Q6: =INDIRECT("'"&K6&"'!j12") -> #REF!
A7: 5 | C7: ='RANK BY EPA'!D26 -> 5016 | D7: {=IFERROR(INDEX(Data!B:B, MATCH($C7, Data!$A:$A, 0)), "")} -> 37.67 | E7: {=IFERROR(INDEX(Data!C:C, MATCH($C7, Data!$A:$A, 0)), "")} -> 5.71 | F7: {=IFERROR(INDEX(Data!D:D, MATCH($C7, Data!$A:$A, 0)), "")} -> 20.44 | G7: {=IFERROR(INDEX(Data!E:E, MATCH($C7, Data!$A:$A, 0)), "")} -> 11.52 | H7: =INDIRECT("'"&C7&"'!M12") -> #REF! | I7: =INDIRECT("'"&C7&"'!j12") -> #REF! | K7: ='RANK BY EPA'!D19 -> 1554 | L7: {=IFERROR(INDEX(Data!$B:$B, MATCH(K7, Data!$A:$A, 0)), "")} -> 44.18 | M7: {=IFERROR(INDEX(Data!$B:$B, MATCH(L7, Data!$A:$A, 0)), "")} | N7: {=IFERROR(INDEX(Data!$B:$B, MATCH(M7, Data!$A:$A, 0)), "")} | O7: {=IFERROR(INDEX(Data!$B:$B, MATCH(N7, Data!$A:$A, 0)), "")} | P7: =INDIRECT("'"&K7&"'!M12") -> #REF! | Q7: =INDIRECT("'"&K7&"'!j12") -> #REF!
A8: 6
A9: 7 | F9: TOTAL EPA = | G9: =SUM(D5:D7) -> 438 | N9: TOTAL EPA = | O9: =SUM(L5:L7) -> 137.69
A10: 8
A11: 9 | C11: ALLIANCE 2 | K11: ALLIANCE 7
A12: 10 | C12: TEAM # | D12: TOTAL EPA | E12: AUTO EPA | F12: TELE EPA | G12: END EPA | H12: SHOOTER TYPE | I12: TRENCH | K12: TEAM # | L12: TOTAL EPA | M12: AUTO EPA | N12: TELE EPA | O12: END EPA | P12: SHOOTER TYPE | Q12: TRENCH
A13: 11 | C13: ='RANK BY EPA'!D5 -> 2638 | D13: {=IFERROR(INDEX(Data!B:B, MATCH($C13, Data!$A:$A, 0)), "")} -> 130.91 | E13: {=IFERROR(INDEX(Data!C:C, MATCH($C13, Data!$A:$A, 0)), "")} -> 28.57 | F13: {=IFERROR(INDEX(Data!D:D, MATCH($C13, Data!$A:$A, 0)), "")} -> 75.29 | G13: {=IFERROR(INDEX(Data!E:E, MATCH($C13, Data!$A:$A, 0)), "")} -> 27.06 | H13: =INDIRECT("'"&C13&"'!M12") -> #REF! | I13: =INDIRECT("'"&C13&"'!j12") -> #REF! | K13: ='RANK BY EPA'!D15 -> 6423 | L13: {=IFERROR(INDEX(Data!$B:$B, MATCH(K13, Data!$A:$A, 0)), "")} -> 50.75 | M13: {=IFERROR(INDEX(Data!$B:$B, MATCH(L13, Data!$A:$A, 0)), "")} | N13: {=IFERROR(INDEX(Data!$B:$B, MATCH(M13, Data!$A:$A, 0)), "")} | O13: {=IFERROR(INDEX(Data!$B:$B, MATCH(N13, Data!$A:$A, 0)), "")} | P13: =INDIRECT("'"&K13&"'!M12") -> #REF! | Q13: =INDIRECT("'"&K13&"'!j12") -> #REF!
A14: 12 | C14: ='RANK BY EPA'!D6 -> 8267 | D14: {=IFERROR(INDEX(Data!B:B, MATCH($C14, Data!$A:$A, 0)), "")} -> 124.23 | E14: {=IFERROR(INDEX(Data!C:C, MATCH($C14, Data!$A:$A, 0)), "")} -> 28.83 | F14: {=IFERROR(INDEX(Data!D:D, MATCH($C14, Data!$A:$A, 0)), "")} -> 67.1 | G14: {=IFERROR(INDEX(Data!E:E, MATCH($C14, Data!$A:$A, 0)), "")} -> 28.3 | H14: =INDIRECT("'"&C14&"'!M12") -> #REF! | I14: =INDIRECT("'"&C14&"'!j12") -> #REF! | K14: ='RANK BY EPA'!D16 -> 2875 | L14: {=IFERROR(INDEX(Data!$B:$B, MATCH(K14, Data!$A:$A, 0)), "")} -> 48.38 | M14: {=IFERROR(INDEX(Data!$B:$B, MATCH(L14, Data!$A:$A, 0)), "")} | N14: {=IFERROR(INDEX(Data!$B:$B, MATCH(M14, Data!$A:$A, 0)), "")} | O14: {=IFERROR(INDEX(Data!$B:$B, MATCH(N14, Data!$A:$A, 0)), "")} | P14: =INDIRECT("'"&K14&"'!M12") -> #REF! | Q14: =INDIRECT("'"&K14&"'!j12") -> #REF!
A15: 13 | C15: ='RANK BY EPA'!D25 -> 9646 | D15: {=IFERROR(INDEX(Data!B:B, MATCH($C15, Data!$A:$A, 0)), "")} -> 38.43 | E15: {=IFERROR(INDEX(Data!C:C, MATCH($C15, Data!$A:$A, 0)), "")} -> 7.46 | F15: {=IFERROR(INDEX(Data!D:D, MATCH($C15, Data!$A:$A, 0)), "")} -> 23 | G15: {=IFERROR(INDEX(Data!E:E, MATCH($C15, Data!$A:$A, 0)), "")} -> 7.98 | H15: =INDIRECT("'"&C15&"'!M12") -> #REF! | I15: =INDIRECT("'"&C15&"'!j12") -> #REF! | K15: ='RANK BY EPA'!D20 -> 4458 | L15: {=IFERROR(INDEX(Data!$B:$B, MATCH(K15, Data!$A:$A, 0)), "")} -> 43.67 | M15: {=IFERROR(INDEX(Data!$B:$B, MATCH(L15, Data!$A:$A, 0)), "")} | N15: {=IFERROR(INDEX(Data!$B:$B, MATCH(M15, Data!$A:$A, 0)), "")} | O15: {=IFERROR(INDEX(Data!$B:$B, MATCH(N15, Data!$A:$A, 0)), "")} | P15: =INDIRECT("'"&K15&"'!M12") -> #REF! | Q15: =INDIRECT("'"&K15&"'!j12") -> #REF!
A16: 14
A17: 15 | F17: TOTAL EPA = | G17: =SUM(D13:D15) -> 293.57 | N17: TOTAL EPA = | O17: =SUM(L13:L15) -> 142.8
A18: 16
A19: 17 | C19: ALLIANCE 3 | K19: ALLIANCE 6
A20: 18 | C20: TEAM # | D20: TOTAL EPA | E20: AUTO EPA | F20: TELE EPA | G20: END EPA | H20: SHOOTER TYPE | I20: TRENCH | K20: TEAM # | L20: TOTAL EPA | M20: AUTO EPA | N20: TELE EPA | O20: END EPA | P20: SHOOTER TYPE | Q20: TRENCH
A21: 19 | C21: ='RANK BY EPA'!D7 -> 287 | D21: {=IFERROR(INDEX(Data!B:B, MATCH($C21, Data!$A:$A, 0)), "")} -> 121.73 | E21: {=IFERROR(INDEX(Data!C:C, MATCH($C21, Data!$A:$A, 0)), "")} -> 23.87 | F21: {=IFERROR(INDEX(Data!D:D, MATCH($C21, Data!$A:$A, 0)), "")} -> 76.37 | G21: {=IFERROR(INDEX(Data!E:E, MATCH($C21, Data!$A:$A, 0)), "")} -> 21.49 | H21: =INDIRECT("'"&C21&"'!M12") -> #REF! | I21: =INDIRECT("'"&C21&"'!j12") -> #REF! | K21: ='RANK BY EPA'!D13 -> 358 | L21: {=IFERROR(INDEX(Data!$B:$B, MATCH(K21, Data!$A:$A, 0)), "")} -> 67.35 | M21: {=IFERROR(INDEX(Data!$B:$B, MATCH(L21, Data!$A:$A, 0)), "")} | N21: {=IFERROR(INDEX(Data!$B:$B, MATCH(M21, Data!$A:$A, 0)), "")} | O21: {=IFERROR(INDEX(Data!$B:$B, MATCH(N21, Data!$A:$A, 0)), "")} | P21: =INDIRECT("'"&K21&"'!M12") -> #REF! | Q21: =INDIRECT("'"&K21&"'!j12") -> #REF!
A22: 20 | C22: ='RANK BY EPA'!D8 -> 2872 | D22: {=IFERROR(INDEX(Data!B:B, MATCH($C22, Data!$A:$A, 0)), "")} -> 113.91 | E22: {=IFERROR(INDEX(Data!C:C, MATCH($C22, Data!$A:$A, 0)), "")} -> 19.09 | F22: {=IFERROR(INDEX(Data!D:D, MATCH($C22, Data!$A:$A, 0)), "")} -> 70.65 | G22: {=IFERROR(INDEX(Data!E:E, MATCH($C22, Data!$A:$A, 0)), "")} -> 24.17 | H22: =INDIRECT("'"&C22&"'!M12") -> #REF! | I22: =INDIRECT("'"&C22&"'!j12") -> #REF! | K22: ='RANK BY EPA'!D14 -> 353 | L22: {=IFERROR(INDEX(Data!$B:$B, MATCH(K22, Data!$A:$A, 0)), "")} -> 59.82 | M22: {=IFERROR(INDEX(Data!$B:$B, MATCH(L22, Data!$A:$A, 0)), "")} | N22: {=IFERROR(INDEX(Data!$B:$B, MATCH(M22, Data!$A:$A, 0)), "")} | O22: {=IFERROR(INDEX(Data!$B:$B, MATCH(N22, Data!$A:$A, 0)), "")} | P22: =INDIRECT("'"&K22&"'!M12") -> #REF! | Q22: =INDIRECT("'"&K22&"'!j12") -> #REF!
A23: 21 | C23: ='RANK BY EPA'!D24 -> 871 | D23: {=IFERROR(INDEX(Data!B:B, MATCH($C23, Data!$A:$A, 0)), "")} -> 38.67 | E23: {=IFERROR(INDEX(Data!C:C, MATCH($C23, Data!$A:$A, 0)), "")} -> 13.07 | F23: {=IFERROR(INDEX(Data!D:D, MATCH($C23, Data!$A:$A, 0)), "")} -> 18.13 | G23: {=IFERROR(INDEX(Data!E:E, MATCH($C23, Data!$A:$A, 0)), "")} -> 7.46 | H23: =INDIRECT("'"&C23&"'!M12") -> #REF! | I23: =INDIRECT("'"&C23&"'!j12") -> #REF! | K23: ='RANK BY EPA'!D21 -> 1468 | L23: {=IFERROR(INDEX(Data!$B:$B, MATCH(K23, Data!$A:$A, 0)), "")} -> 43.6 | M23: {=IFERROR(INDEX(Data!$B:$B, MATCH(L23, Data!$A:$A, 0)), "")} | N23: {=IFERROR(INDEX(Data!$B:$B, MATCH(M23, Data!$A:$A, 0)), "")} | O23: {=IFERROR(INDEX(Data!$B:$B, MATCH(N23, Data!$A:$A, 0)), "")} | P23: =INDIRECT("'"&K23&"'!M12") -> #REF! | Q23: =INDIRECT("'"&K23&"'!j12") -> #REF!
A24: 22
A25: 23 | F25: TOTAL EPA = | G25: =SUM(D21:D23) -> 274.31 | N25: TOTAL EPA = | O25: =SUM(L21:L23) -> 170.77
A26: 24
A27: 25 | C27: ALLIANCE 4 | K27: ALLIANCE 5
A28: 26 | C28: TEAM # | D28: TOTAL EPA | E28: AUTO EPA | F28: TELE EPA | G28: END EPA | H28: SHOOTER TYPE | I28: TRENCH | K28: TEAM # | L28: TOTAL EPA | M28: AUTO EPA | N28: TELE EPA | O28: END EPA | P28: SHOOTER TYPE | Q28: TRENCH
A29: 27 | C29: ='RANK BY EPA'!D9 -> 263 | D29: {=IFERROR(INDEX(Data!B:B, MATCH($C29, Data!$A:$A, 0)), "")} -> 79.71 | E29: {=IFERROR(INDEX(Data!C:C, MATCH($C29, Data!$A:$A, 0)), "")} -> 17.33 | F29: {=IFERROR(INDEX(Data!D:D, MATCH($C29, Data!$A:$A, 0)), "")} -> 41.46 | G29: {=IFERROR(INDEX(Data!E:E, MATCH($C29, Data!$A:$A, 0)), "")} -> 20.92 | H29: =INDIRECT("'"&C29&"'!M12") | I29: =INDIRECT("'"&C29&"'!j12") | K29: ='RANK BY EPA'!D11 -> 1880 | L29: {=IFERROR(INDEX(Data!$B:$B, MATCH(K29, Data!$A:$A, 0)), "")} -> 74.96 | M29: {=IFERROR(INDEX(Data!$B:$B, MATCH(L29, Data!$A:$A, 0)), "")} | N29: {=IFERROR(INDEX(Data!$B:$B, MATCH(M29, Data!$A:$A, 0)), "")} | O29: {=IFERROR(INDEX(Data!$B:$B, MATCH(N29, Data!$A:$A, 0)), "")} | P29: =INDIRECT("'"&K29&"'!M12") -> #REF! | Q29: =INDIRECT("'"&K29&"'!j12") -> #REF!
A30: 28 | C30: ='RANK BY EPA'!D10 -> 3950 | D30: {=IFERROR(INDEX(Data!B:B, MATCH($C30, Data!$A:$A, 0)), "")} -> 77.52 | E30: {=IFERROR(INDEX(Data!C:C, MATCH($C30, Data!$A:$A, 0)), "")} -> 21.16 | F30: {=IFERROR(INDEX(Data!D:D, MATCH($C30, Data!$A:$A, 0)), "")} -> 42.31 | G30: {=IFERROR(INDEX(Data!E:E, MATCH($C30, Data!$A:$A, 0)), "")} -> 14.06 | H30: =INDIRECT("'"&C30&"'!M12") -> #REF! | I30: =INDIRECT("'"&C30&"'!j12") -> #REF! | K30: ='RANK BY EPA'!D12 -> 810 | M30: {=IFERROR(INDEX(Data!$B:$B, MATCH(L30, Data!$A:$A, 0)), "")} | N30: {=IFERROR(INDEX(Data!$B:$B, MATCH(M30, Data!$A:$A, 0)), "")} | O30: {=IFERROR(INDEX(Data!$B:$B, MATCH(N30, Data!$A:$A, 0)), "")} | P30: =INDIRECT("'"&K30&"'!M12") -> #REF! | Q30: =INDIRECT("'"&K30&"'!j12") -> #REF!
A31: 29 | C31: ='RANK BY EPA'!D23 -> 9016 | D31: {=IFERROR(INDEX(Data!B:B, MATCH($C31, Data!$A:$A, 0)), "")} -> 39.71 | E31: {=IFERROR(INDEX(Data!C:C, MATCH($C31, Data!$A:$A, 0)), "")} -> 13.26 | F31: {=IFERROR(INDEX(Data!D:D, MATCH($C31, Data!$A:$A, 0)), "")} -> 15.76 | G31: {=IFERROR(INDEX(Data!E:E, MATCH($C31, Data!$A:$A, 0)), "")} -> 10.7 | H31: =INDIRECT("'"&C31&"'!M12") -> #REF! | I31: =INDIRECT("'"&C31&"'!j12") -> #REF! | K31: ='RANK BY EPA'!D22 -> 2869 | L31: {=IFERROR(INDEX(Data!$B:$B, MATCH(K31, Data!$A:$A, 0)), "")} -> 41.7 | M31: {=IFERROR(INDEX(Data!$B:$B, MATCH(L31, Data!$A:$A, 0)), "")} | N31: {=IFERROR(INDEX(Data!$B:$B, MATCH(M31, Data!$A:$A, 0)), "")} | O31: {=IFERROR(INDEX(Data!$B:$B, MATCH(N31, Data!$A:$A, 0)), "")} | P31: =INDIRECT("'"&K31&"'!M12") -> #REF! | Q31: =INDIRECT("'"&K31&"'!j12") -> #REF!
A32: 30
A33: 31 | F33: TOTAL EPA = | G33: =SUM(D29:D31) -> 196.94 | N33: TOTAL EPA = | O33: =SUM(L29:L31) -> 116.66
A34: 32
A35: 33 | G35: ALLIANCES RANKED BY POWER
A36: 34 | G36: 1 | H36: =IFERROR(INDEX($L$36:$L$43, MATCH(I36, $M$36:$M$43, 0)), "") -> ALLIANCE 1 | I36: =LARGE($M$36:$M$43,1) -> 438 | L36: ALLIANCE 1 | M36: =G9 -> 438
A37: 35 | G37: 2 | H37: =IFERROR(INDEX($L$36:$L$43, MATCH(I37, $M$36:$M$43, 0)), "") -> ALLIANCE 2 | I37: =LARGE($M$36:$M$43,2) -> 293.57 | L37: ALLIANCE 2 | M37: =G17 -> 293.57
A38: 36 | G38: 3 | H38: =IFERROR(INDEX($L$36:$L$43, MATCH(I38, $M$36:$M$43, 0)), "") -> ALLIANCE 3 | I38: =LARGE($M$36:$M$43,3) -> 274.31 | L38: ALLIANCE 3 | M38: =G25 -> 274.31
A39: 37 | G39: 4 | H39: =IFERROR(INDEX($L$36:$L$43, MATCH(I39, $M$36:$M$43, 0)), "") -> ALLIANCE 4 | I39: =LARGE($M$36:$M$43,4) -> 196.94 | L39: ALLIANCE 4 | M39: =G33 -> 196.94
A40: 38 | G40: 5 | H40: =IFERROR(INDEX($L$36:$L$43, MATCH(I40, $M$36:$M$43, 0)), "") -> ALLIANCE 6 | I40: =LARGE($M$36:$M$43,5) -> 170.77 | L40: ALLIANCE 5 | M40: =O33 -> 116.66
A41: 39 | G41: 6 | H41: =IFERROR(INDEX($L$36:$L$43, MATCH(I41, $M$36:$M$43, 0)), "") -> ALLIANCE 7 | I41: =LARGE($M$36:$M$43,6) -> 142.8 | L41: ALLIANCE 6 | M41: =O25 -> 170.77
A42: 40 | G42: 7 | H42: =IFERROR(INDEX($L$36:$L$43, MATCH(I42, $M$36:$M$43, 0)), "") -> ALLIANCE 8 | I42: =LARGE($M$36:$M$43,7) -> 137.69 | L42: ALLIANCE 7 | M42: =O17 -> 142.8
A43: 41 | G43: 8 | H43: =IFERROR(INDEX($L$36:$L$43, MATCH(I43, $M$36:$M$43, 0)), "") -> ALLIANCE 5 | I43: =LARGE($M$36:$M$43,8) -> 116.66 | L43: ALLIANCE 8 | M43: =O9 -> 137.69
A44: 42
A45: 43
A46: 44
A47: 45
A48: 46
A49: 47
A50: 48
A51: 49
A52: 50
A53: 51
A54: 52
A55: 53
... A62: 60

Sheet TEAM MASTER DOC
B2: TEAM NUMBER | F2: FRAME INFO
F3: WEIGHT
B4: TOTAL EPA | C4: {=IFERROR(INDEX(Data!B:B, MATCH($C$2, Data!A:A, 0)), "")} | F4: DRIVE INFO
F5: BASE TYPE
B6: AUTO EPA | C6: {=IFERROR(INDEX(Data!C:C, MATCH($C$2, Data!A:A, 0)), "")}
F7: INDEXER INFO
B8: TELE-OP EPA | C8: {=IFERROR(INDEX(Data!D:D, MATCH($C$2, Data!A:A, 0)), "")} | F8: HOPPER SIZE
F9: INCLOSED
B10: ENDGAME EPA | C10: {=IFERROR(INDEX(Data!E:E, MATCH($C$2, Data!A:A, 0)), "")} | F10: SHOOTER INFO
F11: STYLE
B12: RANK | C12: {=IFERROR(INDEX(Data!F:F, MATCH($C$2, Data!A:A, 0)), "")} | F12: # LANES
F13: AUTO INFO
F14: HAVE AUTO
F15: SHOOT PRELOAD?
F16: CENTER AUTO?
F17: # OF SWEEPS
F18: DEPOT AUTO?
F19: OUTPOST AUTO?

Sheet 263
B2: TEAM NUMBER | C2: 263 | F2: FRAME INFO
F3: WEIGHT | G3: 109
B4: TOTAL EPA | C4: {=IFERROR(INDEX(Data!B:B, MATCH($C$2, Data!A:A, 0)), "")} -> 79.71 | F4: DRIVE INFO
F5: BASE TYPE | G5: SWERVE
B6: AUTO EPA | C6: {=IFERROR(INDEX(Data!C:C, MATCH($C$2, Data!A:A, 0)), "")} -> 17.33 | F6: TRENCH | G6: YES
F7: INDEXER INFO
B8: TELE-OP EPA | C8: {=IFERROR(INDEX(Data!D:D, MATCH($C$2, Data!A:A, 0)), "")} -> 41.46 | F8: HOPPER SIZE | G8: 40
F9: INCLOSED | G9: YES
B10: ENDGAME EPA | C10: {=IFERROR(INDEX(Data!E:E, MATCH($C$2, Data!A:A, 0)), "")} -> 20.92 | F10: SHOOTER INFO
F11: STYLE | G11: FRAME
B12: RANK | C12: {=IFERROR(INDEX(Data!F:F, MATCH($C$2, Data!A:A, 0)), "")} -> 12 | F12: # LANES | G12: 2 LANES
F13: AUTO INFO
F14: HAVE AUTO | G14: YES
F15: SHOOT PRELOAD? | G15: YES
F16: CENTER AUTO? | G16: YES
F17: # OF SWEEPS | G17: 2
F18: DEPOT AUTO? | G18: YES
F19: OUTPOST AUTO? | G19: NO

Sheet MATCH MASTER DOC
D2: MATCH # =
D4: BLUE 1 | F4: BLUE 2 | H4: BLUE 3 | J4: RED 1 | L4: RED 2 | N4: RED 3
B6: TEAM NUMBER | D6: {=IFERROR(INDEX(qual_matches!B:B, MATCH($J$2, qual_matches!A:A, 0)), "")} | F6: {=IFERROR(INDEX(qual_matches!C:C, MATCH($J$2, qual_matches!A:A, 0)), "")} | H6: {=IFERROR(INDEX(qual_matches!D:D, MATCH($J$2, qual_matches!A:A, 0)), "")} | J6: {=IFERROR(INDEX(qual_matches!E:E, MATCH($J$2, qual_matches!A:A, 0)), "")} | L6: {=IFERROR(INDEX(qual_matches!F:F, MATCH($J$2, qual_matches!A:A, 0)), "")} | N6: {=IFERROR(INDEX(qual_matches!G:G, MATCH($J$2, qual_matches!A:A, 0)), "")} | P6: TEAM NUMBER
B8: RANK | D8: {=INDIRECT("'" & D6 & "'!C12")} | E8: {=INDIRECT("'" & E4 & "'!C4")} | F8: {=INDIRECT("'" & F6 & "'!C12")} | G8: {=INDIRECT("'" & G4 & "'!C4")} | H8: {=INDIRECT("'" & H6 & "'!C12")} | I8: {=INDIRECT("'" & I4 & "'!C4")} | J8: {=INDIRECT("'" & J6 & "'!C12")} | K8: {=INDIRECT("'" & K4 & "'!C4")} | L8: {=INDIRECT("'" & L6 & "'!C12")} | M8: {=INDIRECT("'" & M4 & "'!C4")} | N8: {=INDIRECT("'" & N6 & "'!C12")} | O8: {=INDIRECT("'" & O4 & "'!C4")} | P8: =B8 -> RANK
B10: TOTAL EPA | D10: =INDIRECT("'" & D6 & "'!C4") | E10: =INDIRECT("'" & E6 & "'!C4") | F10: =INDIRECT("'" & F6 & "'!C4") | G10: =INDIRECT("'" & G6 & "'!C4") | H10: =INDIRECT("'" & H6 & "'!C4") | I10: =INDIRECT("'" & I6 & "'!C4") | J10: =INDIRECT("'" & J6 & "'!C4") | K10: =INDIRECT("'" & K6 & "'!C4") | ... O10: =INDIRECT("'" & O6 & "'!C4") | P10: =B10 -> TOTAL EPA
P11: =B11
B12: AUTO EPA | D12: =INDIRECT("'" & D6 & "'!C6") | E12: =INDIRECT("'" & E6 & "'!C6") | F12: =INDIRECT("'" & F6 & "'!C6") | G12: =INDIRECT("'" & G6 & "'!C6") | H12: =INDIRECT("'" & H6 & "'!C6") | I12: =INDIRECT("'" & I6 & "'!C6") | J12: =INDIRECT("'" & J6 & "'!C6") | K12: =INDIRECT("'" & K6 & "'!C6") | ... O12: =INDIRECT("'" & O6 & "'!C6") | P12: =B12 -> AUTO EPA
P13: =B13
B14: TELE-OP EPA | D14: =INDIRECT("'" & D6 & "'!C8") | E14: =INDIRECT("'" & E6 & "'!C8") | F14: =INDIRECT("'" & F6 & "'!C8") | G14: =INDIRECT("'" & G6 & "'!C8") | H14: =INDIRECT("'" & H6 & "'!C8") | I14: =INDIRECT("'" & I6 & "'!C8") | J14: =INDIRECT("'" & J6 & "'!C8") | K14: =INDIRECT("'" & K6 & "'!C8") | ... O14: =INDIRECT("'" & O6 & "'!C8") | P14: =B14 -> TELE-OP EPA
P15: =B15
B16: ENDGAME EPA | D16: =INDIRECT("'" & D6 & "'!C10") | E16: =INDIRECT("'" & E6 & "'!C10") | F16: =INDIRECT("'" & F6 & "'!C10") | G16: =INDIRECT("'" & G6 & "'!C10") | H16: =INDIRECT("'" & H6 & "'!C10") | I16: =INDIRECT("'" & I6 & "'!C10") | J16: =INDIRECT("'" & J6 & "'!C10") | K16: =INDIRECT("'" & K6 & "'!C10") | ... O16: =INDIRECT("'" & O6 & "'!C10") | P16: =B16 -> ENDGAME EPA
P17: =B17
B18: TRENCH? | D18: {=INDIRECT("'" & D6 & "'!G6")} | F18: {=INDIRECT("'" & F6 & "'!G6")} | H18: {=INDIRECT("'" & H6 & "'!G6")} | J18: {=INDIRECT("'" & J6 & "'!G6")} | L18: {=INDIRECT("'" & L6 & "'!G6")} | N18: {=INDIRECT("'" & N6 & "'!G6")} | P18: =B18 -> TRENCH?
P19: =B19
B20: DRIVE BASE | D20: {=INDIRECT("'" & D6 & "'!G5")} | E20: {=INDIRECT("'" & E6 & "'!J5")} | F20: {=INDIRECT("'" & F6 & "'!G5")} | G20: {=INDIRECT("'" & G6 & "'!J5")} | H20: {=INDIRECT("'" & H6 & "'!G5")} | I20: {=INDIRECT("'" & I6 & "'!J5")} | J20: {=INDIRECT("'" & J6 & "'!G5")} | K20: {=INDIRECT("'" & K6 & "'!J5")} | L20: {=INDIRECT("'" & L6 & "'!G5")} | M20: {=INDIRECT("'" & M6 & "'!J5")} | N20: {=INDIRECT("'" & N6 & "'!G5")} | O20: {=INDIRECT("'" & O6 & "'!J5")} | P20: =B20 -> DRIVE BASE
P21: =B21
B22: SHOOTER STYLE | D22: {=INDIRECT("'" & D6 & "'!G11")} | E22: {=INDIRECT("'" & E6 & "'!M12")} | F22: {=INDIRECT("'" & F6 & "'!G11")} | G22: {=INDIRECT("'" & G6 & "'!M12")} | H22: {=INDIRECT("'" & H6 & "'!G11")} | I22: {=INDIRECT("'" & I6 & "'!M12")} | J22: {=INDIRECT("'" & J6 & "'!G11")} | K22: {=INDIRECT("'" & K6 & "'!M12")} | L22: {=INDIRECT("'" & L6 & "'!G11")} | M22: {=INDIRECT("'" & M6 & "'!M12")} | N22: {=INDIRECT("'" & N6 & "'!G11")} | O22: {=INDIRECT("'" & O6 & "'!M12")} | P22: =B22 -> SHOOTER STYLE
P23: =B23
B24: # OF LANES | D24: {=INDIRECT("'" & D6 & "'!G12")} | E24: {=INDIRECT("'" & E6 & "'!M13")} | F24: {=INDIRECT("'" & F6 & "'!G12")} | G24: {=INDIRECT("'" & G6 & "'!M13")} | H24: {=INDIRECT("'" & H6 & "'!G12")} | I24: {=INDIRECT("'" & I6 & "'!M13")} | J24: {=INDIRECT("'" & J6 & "'!G12")} | K24: {=INDIRECT("'" & K6 & "'!M13")} | L24: {=INDIRECT("'" & L6 & "'!G12")} | M24: {=INDIRECT("'" & M6 & "'!M13")} | N24: {=INDIRECT("'" & N6 & "'!G12")} | O24: {=INDIRECT("'" & O6 & "'!M13")} | P24: =B24 -> # OF LANES
P25: =B25
B26: HOPPER CAPACITY | D26: {=INDIRECT("'" & D6 & "'!G8")} | E26: {=INDIRECT("'" & E6 & "'!J17")} | F26: {=INDIRECT("'" & F6 & "'!G8")} | G26: {=INDIRECT("'" & G6 & "'!J17")} | H26: {=INDIRECT("'" & H6 & "'!G8")} | J26: {=INDIRECT("'" & J6 & "'!G8")} | K26: {=INDIRECT("'" & K6 & "'!J17")} | L26: {=INDIRECT("'" & L6 & "'!G8")} | M26: {=INDIRECT("'" & M6 & "'!J17")} | N26: {=INDIRECT("'" & N6 & "'!G8")} | P26: =B26 -> HOPPER CAPACITY
P27: =B27
B28: HOPPER INCLOSED | D28: {=INDIRECT("'" & D6 & "'!G9")} | E28: {=INDIRECT("'" & E8 & "'!J17")} | F28: {=INDIRECT("'" & F6 & "'!G9")} | G28: {=INDIRECT("'" & G8 & "'!J17")} | H28: {=INDIRECT("'" & H6 & "'!G9")} | J28: {=INDIRECT("'" & J6 & "'!G9")} | K28: {=INDIRECT("'" & K8 & "'!J17")} | L28: {=INDIRECT("'" & L6 & "'!G9")} | M28: {=INDIRECT("'" & M8 & "'!J17")} | N28: {=INDIRECT("'" & N6 & "'!G9")} | P28: =B28 -> HOPPER INCLOSED
P29: =B29
B30: SHOOT PRELOAD | D30: {=INDIRECT("'" & D6 & "'!G15")} | E30: {=INDIRECT("'" & E6 & "'!M21")} | F30: {=INDIRECT("'" & F6 & "'!G15")} | G30: {=INDIRECT("'" & G6 & "'!M21")} | H30: {=INDIRECT("'" & H6 & "'!G15")} | I30: {=INDIRECT("'" & I6 & "'!M21")} | J30: {=INDIRECT("'" & J6 & "'!G15")} | K30: {=INDIRECT("'" & K6 & "'!M21")} | L30: {=INDIRECT("'" & L6 & "'!G15")} | M30: {=INDIRECT("'" & M6 & "'!M21")} | N30: {=INDIRECT("'" & N6 & "'!G15")} | O30: {=INDIRECT("'" & O6 & "'!M21")} | P30: =B30 -> SHOOT PRELOAD
P31: =B31
B32: CENTER AUTO | D32: {=INDIRECT("'" & D6 & "'!G16")} | E32: {=INDIRECT("'" & E6 & "'!M22")} | F32: {=INDIRECT("'" & F6 & "'!G16")} | G32: {=INDIRECT("'" & G6 & "'!M22")} | H32: {=INDIRECT("'" & H6 & "'!G16")} | I32: {=INDIRECT("'" & I6 & "'!M22")} | J32: {=INDIRECT("'" & J6 & "'!G16")} | K32: {=INDIRECT("'" & K6 & "'!M22")} | L32: {=INDIRECT("'" & L6 & "'!G16")} | M32: {=INDIRECT("'" & M6 & "'!M22")} | N32: {=INDIRECT("'" & N6 & "'!G16")} | O32: {=INDIRECT("'" & O6 & "'!M22")} | P32: =B32 -> CENTER AUTO
P33: =B33
B34: # OF SWEEPS | D34: {=INDIRECT("'" & D6 & "'!G17")} | E34: {=INDIRECT("'" & E6 & "'!M23")} | F34: {=INDIRECT("'" & F6 & "'!G17")} | G34: {=INDIRECT("'" & G6 & "'!M23")} | H34: {=INDIRECT("'" & H6 & "'!G17")} | I34: {=INDIRECT("'" & I6 & "'!M23")} | J34: {=INDIRECT("'" & J6 & "'!G17")} | K34: {=INDIRECT("'" & K6 & "'!M23")} | L34: {=INDIRECT("'" & L6 & "'!G17")} | M34: {=INDIRECT("'" & M6 & "'!M23")} | N34: {=INDIRECT("'" & N6 & "'!G17")} | O34: {=INDIRECT("'" & O6 & "'!M23")} | P34: =B34 -> # OF SWEEPS
P35: =B35
B36: DEPOT AUTO | D36: {=INDIRECT("'" & D6 & "'!G18")} | E36: {=INDIRECT("'" & E6 & "'!M24")} | F36: {=INDIRECT("'" & F6 & "'!G18")} | G36: {=INDIRECT("'" & G6 & "'!M24")} | H36: {=INDIRECT("'" & H6 & "'!G18")} | I36: {=INDIRECT("'" & I6 & "'!M24")} | J36: {=INDIRECT("'" & J6 & "'!G18")} | K36: {=INDIRECT("'" & K6 & "'!M24")} | L36: {=INDIRECT("'" & L6 & "'!G18")} | M36: {=INDIRECT("'" & M6 & "'!M24")} | N36: {=INDIRECT("'" & N6 & "'!G18")} | O36: {=INDIRECT("'" & O6 & "'!M24")} | P36: =B36 -> DEPOT AUTO
P37: =B37
B38: OUTPOST AUTO | D38: {=INDIRECT("'" & D6 & "'!G19")} | E38: {=INDIRECT("'" & E6 & "'!M25")} | F38: {=INDIRECT("'" & F6 & "'!G19")} | G38: {=INDIRECT("'" & G6 & "'!M25")} | H38: {=INDIRECT("'" & H6 & "'!G19")} | I38: {=INDIRECT("'" & I6 & "'!M25")} | J38: {=INDIRECT("'" & J6 & "'!G19")} | K38: {=INDIRECT("'" & K6 & "'!M25")} | L38: {=INDIRECT("'" & L6 & "'!G19")} | M38: {=INDIRECT("'" & M6 & "'!M25")} | N38: {=INDIRECT("'" & N6 & "'!G19")} | O38: {=INDIRECT("'" & O6 & "'!M25")} | P38: =B38 -> OUTPOST AUTO
P39: =B39
B40: ROBOT WEIGHT | D40: {=INDIRECT("'" & D6 & "'!G3")} | E40: {=INDIRECT("'" & E6 & "'!G5")} | F40: {=INDIRECT("'" & F6 & "'!G3")} | G40: {=INDIRECT("'" & G6 & "'!G5")} | H40: {=INDIRECT("'" & H6 & "'!G3")} | I40: {=INDIRECT("'" & I6 & "'!G5")} | J40: {=INDIRECT("'" & J6 & "'!G3")} | K40: {=INDIRECT("'" & K6 & "'!G5")} | L40: {=INDIRECT("'" & L6 & "'!G3")} | M40: {=INDIRECT("'" & M6 & "'!G5")} | N40: {=INDIRECT("'" & N6 & "'!G3")} | O40: {=INDIRECT("'" & O6 & "'!G5")} | P40: =B40 -> ROBOT WEIGHT
P41: =B41
B42: TEAM NUMBER | D42: =D6 | E42: =E6 | F42: =F6 | G42: =G6 | H42: =H6 | I42: =I6 | J42: =J6 | K42: =K6 | ... N42: =N6 | P42: =B42 -> TEAM NUMBER
E44: PREDICTED SCORE | H44: =SUM(D10:H10) -> 0 | J44: =SUM(J10:N10) -> 0 | K44: PREDICTED SCORE

Sheet qual_matches
A1: match | B1: R1 | C1: R2 | D1: R3 | E1: B1 | F1: B2 | G1: B3
A2: 1 | B2: 9545 | C2: 10413 | D2: 7718 | E2: 3171 | F2: 7903 | G2: 7605
A3: 10 | B3: 10604 | C3: 6648 | D3: 2791 | E3: 1405 | F3: 6436 | G3: 9194
A4: 11 | B4: 6806 | C4: 3044 | D4: 7605 | E4: 677 | F4: 7903 | G4: 9624
A5: 12 | B5: 250 | C5: 4121 | D5: 263 | E5: 7031 | F5: 7718 | G5: 1880
A6: 13 | B6: 6621 | C6: 1796 | D6: 10413 | E6: 8222 | F6: 1559 | G6: 2340
A7: 14 | B7: 4122 | C7: 4930 | D7: 11010 | E7: 5590 | F7: 5149 | G7: 287
A8: 15 | B8: 229 | C8: 5881 | D8: 271 | E8: 806 | F8: 20 | G8: 533
A9: 16 | B9: 424 | C9: 7759 | D9: 3624 | E9: 191 | F9: 1493 | G9: 2053
A10: 17 | B10: 9194 | C10: 3171 | D10: 3173 | E10: 1591 | F10: 3003 | G10: 1126
A11: 18 | B11: 5736 | C11: 10604 | D11: 10714 | E11: 6648 | F11: 3181 | G11: 578
A12: 19 | B12: 1405 | C12: 2791 | D12: 870 | E12: 6300 | F12: 9545 | G12: 10582
A13: 2 | B13: 20 | C13: 677 | D13: 5881 | E13: 7759 | F13: 1880 | G13: 1796
... A81: 9 | B81: 1126 | C81: 191 | D81: 6300 | E81: 2053 | F81: 5016 | G81: 3181
